title,provider,tags,date_range,description,bands,terms_of_use,snippet,spatial_coverage,temporal_coverage,citation,type,region,source_url,extraction_report,confidence,ml_classification,validation_results,ensemble_features
DEM-H: Australian SRTM Hydrologically Enforced Digital Elevation Model  |  Earth Engine Data Catalog  |  Google for Developers,Geoscience Australia,"['Github', 'Dem', 'Medium', 'Geoscience-Australia', 'Gis Stack Exchange', 'Videos', 'Australia\nDem\nElevation\nElevation-Topography\nGa\nGeophysical\nGeoscience-Australia\nSmoothed\nSrtm', 'Twitter', 'Elevation', 'Srtm', 'Elevation-Topography', 'Smoothed', 'Geophysical', 'Ga', 'Australia']",,...,[],,,,,,,,https://developers.google.com/earth-engine/datasets/catalog/AU_GA_DEM_1SEC_v10_DEM-H,{},"{'title': 1.0, 'description': 1.0, 'tags': 0.9, 'provider': 0.8}","{'spacy_entities': {'ORG': ['Earth Engine Data Catalog', 'Google for Developers\n\n\n\n\n\n\n\n\n\n\n\n\n\n\n\n\n\n\n      \n      Skip', 'Deutsch\n\n\nEspañol\n\n\nEspañol – América Latina\n\n\nFrançais', 'Italiano\n\n\nPolski\n\n\nPortuguês', 'Türkçe'], 'NORP': ['English'], 'GPE': ['Indonesia', 'বাংলা'], 'WORK_OF_ART': ['Home\n  \n    \n\n\n    Categories\n  \n    \n\n\n    All']}, 'title_entities': [('Earth Engine Data Catalog', 'ORG'), ('Google for Developers', 'ORG')]}","{'spatial': {'valid': True, 'errors': [], 'enriched': {'geocoded_location': {'name': 'Australian', 'coordinates': (-24.7761086, 134.755)}}}, 'temporal': {'valid': False, 'errors': [], 'enriched': {}}, 'quality': {'valid': True, 'score': 90, 'errors': [], 'enriched': {'quality_score': 90}}}","{'tfidf_features': 14, 'text_length': 126}"
Iran Land Cover Map v1 13-class (2017)  |  Earth Engine Data Catalog  |  Google for Developers,K. N. Toosi University of Technology LiDAR Lab,"['Github', 'Iran', 'Landuse-Landcover', 'Gis Stack Exchange', 'Videos', 'Twitter', 'Landcover\nLanduse-Landcover\nIran\nKntu', 'Kntu', 'Landcover', 'Medium']",,...,[],,,,,,,,https://developers.google.com/earth-engine/datasets/catalog/KNTU_LiDARLab_IranLandCover_V1,{},"{'title': 1.0, 'description': 1.0, 'tags': 0.9, 'provider': 0.8}","{'spacy_entities': {'GPE': ['Iran', 'Indonesia', 'বাংলা'], 'CARDINAL': ['13'], 'DATE': ['2017'], 'ORG': ['Earth Engine Data Catalog', 'Google for Developers\n\n\n\n\n\n\n\n\n\n\n\n\n\n\n\n\n\n\n      \n      Skip', 'Deutsch\n\n\nEspañol\n\n\nEspañol – América Latina\n\n\nFrançais', 'Italiano\n\n\nPolski\n\n\nPortuguês', 'Türkçe'], 'NORP': ['English'], 'WORK_OF_ART': ['Home\n  \n    \n\n\n    Categories\n  \n    \n\n\n    All'], 'PERSON': ['Landsat\n   \n\n\n\n\n\n\n\n      MODIS\n   \n\n\n\n\n\n      ']}, 'title_entities': [('Iran', 'GPE'), ('13', 'CARDINAL'), ('2017', 'DATE'), ('Earth Engine Data Catalog', 'ORG'), ('Google for Developers', 'ORG')]}","{'spatial': {'valid': True, 'errors': [], 'enriched': {'geocoded_location': {'name': 'Google', 'coordinates': (42.35092, -71.0783603)}}}, 'temporal': {'valid': True, 'errors': [], 'enriched': {'temporal_references': ['2017'], 'fuzzy_dates': ['2017-07-15']}}, 'quality': {'valid': True, 'score': 90, 'errors': [], 'enriched': {'quality_score': 90}}}","{'tfidf_features': 14, 'text_length': 94}"
"NCEP/NCAR Reanalysis Data, Sea-Level Pressure  |  Earth Engine Data Catalog  |  Google for Developers",NCEP,"['Github', 'Pressure', 'Gis Stack Exchange', 'Videos', 'Reanalysis', 'Twitter', 'Atmosphere', 'Noaa', 'Atmosphere\nClimate\nGeophysical\nNcep\nNoaa\nPressure\nReanalysis', 'Medium', 'Geophysical', 'Climate', 'Ncep']",,...,[],,,,,,,,https://developers.google.com/earth-engine/datasets/catalog/NCEP_RE_sea_level_pressure,{},"{'title': 1.0, 'description': 1.0, 'tags': 0.9, 'provider': 0.8}","{'spacy_entities': {'ORG': ['Reanalysis Data', 'Earth Engine Data Catalog', 'Google for Developers\n\n\n\n\n\n\n\n\n\n\n\n\n\n\n\n\n\n\n      \n      Skip', 'Deutsch\n\n\nEspañol\n\n\nEspañol – América Latina\n\n\nFrançais', 'Italiano\n\n\nPolski\n\n\nPortuguês', 'Türkçe'], 'NORP': ['English'], 'GPE': ['Indonesia', 'বাংলা'], 'WORK_OF_ART': ['Home\n  \n    \n\n\n    Categories\n  \n    \n\n\n    All'], 'PERSON': ['Landsat\n   \n\n\n\n\n\n\n\n      MODIS']}, 'title_entities': [('NCEP', 'ORG'), ('Reanalysis Data', 'ORG'), ('Earth Engine Data Catalog', 'ORG'), ('Google for Developers', 'ORG')]}","{'spatial': {'valid': True, 'errors': [], 'enriched': {'geocoded_location': {'name': 'Google', 'coordinates': (42.35092, -71.0783603)}}}, 'temporal': {'valid': False, 'errors': [], 'enriched': {}}, 'quality': {'valid': True, 'score': 90, 'errors': [], 'enriched': {'quality_score': 90}}}","{'tfidf_features': 12, 'text_length': 101}"
Datasets tagged skysat in Earth Engine  |  Earth Engine Data Catalog  |  Google for Developers,,"['Github', 'Multispectral', 'Rgb', 'Highres', 'Gis Stack Exchange', 'Skysat', 'Videos', 'Planet', 'Satellite-Imagery', 'Twitter', 'Medium', 'Pansharpened']",,...,[],,,,,,,,https://developers.google.com/earth-engine/datasets/tags/skysat,{},"{'title': 1.0, 'description': 1.0, 'tags': 0.9}","{'spacy_entities': {'LOC': ['Earth Engine'], 'ORG': ['Earth Engine Data Catalog', 'Deutsch\n\n\nEspañol\n\n\nEspañol – América Latina\n\n\nFrançais', 'Italiano\n\n\nPolski\n\n\nPortuguês', 'Türkçe'], 'NORP': ['English'], 'GPE': ['Indonesia', 'বাংলা'], 'WORK_OF_ART': ['Home\n  \n    \n\n\n    Categories\n  \n    \n\n\n    All'], 'PERSON': ['Landsat\n   \n\n\n\n\n\n\n\n      MODIS\n   \n\n\n\n\n\n      Sen']}, 'title_entities': [('Earth Engine', 'LOC'), ('Earth Engine Data Catalog', 'ORG'), ('Google for Developers', 'ORG')]}","{'spatial': {'valid': True, 'errors': [], 'enriched': {'geocoded_location': {'name': 'Google', 'coordinates': (42.35092, -71.0783603)}}}, 'temporal': {'valid': False, 'errors': [], 'enriched': {}}, 'quality': {'valid': True, 'score': 80, 'errors': [], 'enriched': {'quality_score': 80}}}","{'tfidf_features': 9, 'text_length': 94}"
Datasets tagged lm5 in Earth Engine  |  Earth Engine Data Catalog  |  Google for Developers,,"['Github', 'Global', 'C2', 'Gis Stack Exchange', 'Videos', 'Twitter', 'Lm5', 'Mss', 'Landsat', 'Medium', 'L5']",,...,[],,,,,,,,https://developers.google.com/earth-engine/datasets/tags/lm5,{},"{'title': 1.0, 'description': 1.0, 'tags': 0.9}","{'spacy_entities': {'LOC': ['Earth Engine'], 'ORG': ['Earth Engine Data Catalog', 'Deutsch\n\n\nEspañol\n\n\nEspañol – América Latina\n\n\nFrançais', 'Italiano\n\n\nPolski\n\n\nPortuguês', 'Türkçe', 'Sentin'], 'NORP': ['English'], 'GPE': ['Indonesia', 'বাংলা'], 'WORK_OF_ART': ['Home\n  \n    \n\n\n    Categories\n  \n    \n\n\n    All'], 'PERSON': ['Landsat\n   \n\n\n\n\n\n\n\n      MODIS\n   \n\n\n\n\n\n      ']}, 'title_entities': [('Earth Engine', 'LOC'), ('Earth Engine Data Catalog', 'ORG'), ('Google for Developers', 'ORG')]}","{'spatial': {'valid': True, 'errors': [], 'enriched': {'geocoded_location': {'name': 'Google', 'coordinates': (42.35092, -71.0783603)}}}, 'temporal': {'valid': False, 'errors': [], 'enriched': {}}, 'quality': {'valid': True, 'score': 80, 'errors': [], 'enriched': {'quality_score': 80}}}","{'tfidf_features': 9, 'text_length': 91}"
WAPOR Actual Evapotranspiration and Interception 2.0  |  Earth Engine Data Catalog  |  Google for Developers,FAO UN,"['Github', 'Gis Stack Exchange', 'Videos', 'Fao', 'Water-Vapor', 'Water', 'Wapor', 'Twitter', 'Agriculture', 'Agriculture\nFao\nWapor\nWater\nWater-Vapor', 'Medium']",,...,[],,,,,,,,https://developers.google.com/earth-engine/datasets/catalog/FAO_WAPOR_2_L1_AETI_D,{},"{'title': 1.0, 'description': 1.0, 'tags': 0.9, 'provider': 0.8}","{'spacy_entities': {'ORG': ['WAPOR Actual Evapotranspiration and Interception', 'Earth Engine Data Catalog', 'Google for Developers\n\n\n\n\n\n\n\n\n\n\n\n\n\n\n\n\n\n\n      \n      Skip', 'Deutsch\n\n\nEspañol\n\n\nEspañol – América Latina\n\n\nFrançais', 'Italiano\n\n\nPolski\n\n\nPortuguês', 'Türkçe'], 'NORP': ['English'], 'GPE': ['Indonesia', 'বাংলা'], 'WORK_OF_ART': ['Home\n  \n    \n\n\n    Categories\n  \n    \n\n\n    All'], 'PERSON': ['Landsat\n   \n\n\n\n\n\n\n\n      MODIS']}, 'title_entities': [('WAPOR Actual Evapotranspiration and Interception', 'ORG'), ('Earth Engine Data Catalog', 'ORG'), ('Google for Developers', 'ORG')]}","{'spatial': {'valid': True, 'errors': [], 'enriched': {'geocoded_location': {'name': 'Interception', 'coordinates': (22.623, 120.28915)}}}, 'temporal': {'valid': False, 'errors': [], 'enriched': {}}, 'quality': {'valid': True, 'score': 90, 'errors': [], 'enriched': {'quality_score': 90}}}","{'tfidf_features': 10, 'text_length': 108}"
"WWF HydroSHEDS Drainage Direction, 3 Arc-Seconds  |  Earth Engine Data Catalog  |  Google for Developers",WWF,"['Github', 'Direction\nDrainage\nFlow\nGeophysical\nHydrography\nHydrology\nHydrosheds\nSrtm\nSurface-Ground-Water\nWater\nWwf', 'Drainage', 'Hydrosheds', 'Surface-Ground-Water', 'Wwf', 'Gis Stack Exchange', 'Videos', 'Water', 'Twitter', 'Direction', 'Srtm', 'Flow', 'Hydrography', 'Hydrology', 'Medium', 'Geophysical']",,...,[],,,,,,,,https://developers.google.com/earth-engine/datasets/catalog/WWF_HydroSHEDS_03DIR,{},"{'title': 1.0, 'description': 1.0, 'tags': 0.9, 'provider': 0.8}","{'spacy_entities': {'CARDINAL': ['3'], 'ORG': ['Earth Engine Data Catalog', 'Google for Developers\n\n\n\n\n\n\n\n\n\n\n\n\n\n\n\n\n\n\n      \n      Skip', 'Deutsch\n\n\nEspañol\n\n\nEspañol – América Latina\n\n\nFrançais', 'Italiano\n\n\nPolski\n\n\nPortuguês', 'Türkçe'], 'NORP': ['English'], 'GPE': ['Indonesia', 'বাংলা'], 'WORK_OF_ART': ['Home\n  \n    \n\n\n    Categories\n  \n    \n\n\n    All'], 'PERSON': ['Landsat\n   \n\n\n\n\n\n\n\n      MODIS']}, 'title_entities': [('WWF HydroSHEDS Drainage Direction', 'ORG'), ('3', 'CARDINAL'), ('Earth Engine Data Catalog', 'ORG'), ('Google for Developers', 'ORG')]}","{'spatial': {'valid': True, 'errors': [], 'enriched': {'geocoded_location': {'name': 'Google', 'coordinates': (42.35092, -71.0783603)}}}, 'temporal': {'valid': False, 'errors': [], 'enriched': {}}, 'quality': {'valid': True, 'score': 90, 'errors': [], 'enriched': {'quality_score': 90}}}","{'tfidf_features': 12, 'text_length': 104}"
Landsat Image Mosaic of Antarctica (LIMA) - Processed Landsat Scenes (16 bit) Metadata  |  Earth Engine Data Catalog  |  Google for Developers,USGS,"['Github', 'Antarctica\nIce\nLandsat-Derived\nLima\nMosaic\nSatellite-Imagery\nSr\nTable\nUsgs', 'Sr', 'Ice', 'Gis Stack Exchange', 'Videos', 'Lima', 'Antarctica', 'Twitter', 'Satellite-Imagery', 'Usgs', 'Mosaic', 'Medium', 'Landsat-Derived', 'Table']",,...,[],,,,,,,,https://developers.google.com/earth-engine/datasets/catalog/USGS_LIMA_SR_METADATA,{},"{'title': 1.0, 'description': 1.0, 'tags': 0.9, 'provider': 0.8}","{'spacy_entities': {'PERSON': ['Landsat Image Mosaic', 'Landsat Scenes', 'Metadata'], 'GPE': ['LIMA', 'Indonesia', 'বাংলা'], 'CARDINAL': ['16'], 'ORG': ['Earth Engine Data Catalog', 'Google for Developers\n\n\n\n\n\n\n\n\n\n\n\n\n\n\n\n\n\n\n      \n      Skip', 'Deutsch\n\n\nEspañol\n\n\nEspañol – América Latina\n\n\nFrançais', 'Italiano\n\n\nPolski\n\n\nPortuguês', 'Türkçe'], 'NORP': ['English'], 'WORK_OF_ART': ['Home\n  \n    \n\n\n    Categories\n  \n    \n\n\n    All']}, 'title_entities': [('Landsat Image Mosaic', 'PERSON'), ('LIMA', 'GPE'), ('Landsat Scenes', 'PERSON'), ('16', 'CARDINAL'), ('Metadata', 'PERSON'), ('Earth Engine Data Catalog', 'ORG'), ('Google for Developers', 'ORG')]}","{'spatial': {'valid': True, 'errors': [], 'enriched': {'geocoded_location': {'name': 'Antarctica', 'coordinates': (-72.8438691, 0.0)}}}, 'temporal': {'valid': False, 'errors': [], 'enriched': {}}, 'quality': {'valid': True, 'score': 90, 'errors': [], 'enriched': {'quality_score': 90}}}","{'tfidf_features': 16, 'text_length': 142}"
Datasets tagged mod44w in Earth Engine  |  Earth Engine Data Catalog  |  Google for Developers,,"['Github', 'Surface-Ground-Water', 'Modis', 'Nasa', 'Gis Stack Exchange', 'Videos', 'Water-Mask', 'Twitter', 'Srtm', 'Mod44W', 'Medium', 'Geophysical']",,...,[],,,,,,,,https://developers.google.com/earth-engine/datasets/tags/mod44w,{},"{'title': 1.0, 'description': 1.0, 'tags': 0.9}","{'spacy_entities': {'LOC': ['Earth Engine'], 'ORG': ['Earth Engine Data Catalog', 'Deutsch\n\n\nEspañol\n\n\nEspañol – América Latina\n\n\nFrançais', 'Italiano\n\n\nPolski\n\n\nPortuguês', 'Türkçe'], 'NORP': ['English'], 'GPE': ['Indonesia', 'বাংলা'], 'WORK_OF_ART': ['Home\n  \n    \n\n\n    Categories\n  \n    \n\n\n    All'], 'PERSON': ['Landsat\n   \n\n\n\n\n\n\n\n      MODIS\n   \n\n\n\n\n\n      Sen']}, 'title_entities': [('Earth Engine', 'LOC'), ('Earth Engine Data Catalog', 'ORG'), ('Google for Developers', 'ORG')]}","{'spatial': {'valid': True, 'errors': [], 'enriched': {'geocoded_location': {'name': 'Google', 'coordinates': (42.35092, -71.0783603)}}}, 'temporal': {'valid': False, 'errors': [], 'enriched': {}}, 'quality': {'valid': True, 'score': 80, 'errors': [], 'enriched': {'quality_score': 80}}}","{'tfidf_features': 9, 'text_length': 94}"
ERA5-Land Monthly Aggregated - ECMWF Climate Reanalysis  |  Earth Engine Data Catalog  |  Google for Developers,Monthly Aggregates: Google and Copernicus Climate Data Store,"['Copernicus', 'Pressure', 'Runoff', 'Cds', 'Twitter', 'Ecmwf', 'Videos', 'Evaporation', 'Era5-Land', 'Climate', 'Temperature', 'Medium', 'Radiation', 'Gis Stack Exchange', 'Wind', 'Reanalysis', 'Lakes', 'Vegetation', 'Cds\nClimate\nCopernicus\nEcmwf\nEra5-Land\nEvaporation\nHeat\nLakes\nPrecipitation\nPressure\nRadiation\nReanalysis\nRunoff\nSnow\nSoil-Water\nTemperature\nVegetation\nWind', 'Github', 'Precipitation', 'Heat', 'Soil-Water', 'Snow']",,...,[],,,,,,,,https://developers.google.com/earth-engine/datasets/catalog/ECMWF_ERA5_LAND_MONTHLY_AGGR,{},"{'title': 1.0, 'description': 1.0, 'tags': 0.9, 'provider': 0.8}","{'spacy_entities': {'PERSON': ['ERA5-Land', 'Landsat\n   \n\n\n\n\n\n\n\n      MODIS'], 'ORG': ['Earth Engine Data Catalog', 'Google for Developers\n\n\n\n\n\n\n\n\n\n\n\n\n\n\n\n\n\n\n      \n      Skip', 'Deutsch\n\n\nEspañol\n\n\nEspañol – América Latina\n\n\nFrançais', 'Italiano\n\n\nPolski\n\n\nPortuguês', 'Türkçe'], 'NORP': ['English'], 'GPE': ['Indonesia', 'বাংলা'], 'WORK_OF_ART': ['Home\n  \n    \n\n\n    Categories\n  \n    \n\n\n    All']}, 'title_entities': [('ERA5-Land Monthly Aggregated - ECMWF Climate Reanalysis', 'ORG'), ('Earth Engine Data Catalog', 'ORG'), ('Google for Developers', 'ORG')]}","{'spatial': {'valid': True, 'errors': [], 'enriched': {'geocoded_location': {'name': 'Google', 'coordinates': (42.35092, -71.0783603)}}}, 'temporal': {'valid': False, 'errors': [], 'enriched': {}}, 'quality': {'valid': True, 'score': 90, 'errors': [], 'enriched': {'quality_score': 90}}}","{'tfidf_features': 13, 'text_length': 111}"
Datasets tagged oregonstate in Earth Engine  |  Earth Engine Data Catalog  |  Google for Developers,,"['Github', 'Pressure', 'Oregonstate', 'Monthly', 'Gis Stack Exchange', 'Videos', 'Precipitation', 'Twitter', 'Daily', 'Prism', 'Medium', 'Geophysical', 'Climate']",,...,[],,,,,,,,https://developers.google.com/earth-engine/datasets/tags/oregonstate,{},"{'title': 1.0, 'description': 1.0, 'tags': 0.9}","{'spacy_entities': {'LOC': ['Earth Engine'], 'ORG': ['Earth Engine Data Catalog', 'Deutsch\n\n\nEspañol\n\n\nEspañol – América Latina\n\n\nFrançais', 'Italiano\n\n\nPolski\n\n\nPortuguês', 'Türkçe'], 'NORP': ['English'], 'GPE': ['Indonesia', 'বাংলা'], 'WORK_OF_ART': ['Home\n  \n    \n\n\n    Categories\n  \n    \n\n\n    All'], 'PERSON': ['Landsat\n   \n\n\n\n\n\n\n\n      MODIS']}, 'title_entities': [('Earth Engine', 'LOC'), ('Earth Engine Data Catalog', 'ORG'), ('Google for Developers', 'ORG')]}","{'spatial': {'valid': True, 'errors': [], 'enriched': {'geocoded_location': {'name': 'Google', 'coordinates': (42.35092, -71.0783603)}}}, 'temporal': {'valid': False, 'errors': [], 'enriched': {}}, 'quality': {'valid': True, 'score': 80, 'errors': [], 'enriched': {'quality_score': 80}}}","{'tfidf_features': 9, 'text_length': 99}"
WHRC Pantropical National Level Carbon Stock Dataset  |  Earth Engine Data Catalog  |  Google for Developers,WHRC,"['Carbon', 'Github', 'Forest-Biomass', 'Whrc', 'Biomass', 'Gis Stack Exchange', 'Aboveground', 'Videos', 'Tropical', 'Twitter', 'Aboveground\nBiomass\nCarbon\nForest-Biomass\nGeophysical\nUmd\nPantropical\nTropical\nWhrc', 'Medium', 'Geophysical', 'Umd', 'Pantropical']",,...,[],,,,,,,,https://developers.google.com/earth-engine/datasets/catalog/WHRC_biomass_tropical,{},"{'title': 1.0, 'description': 1.0, 'tags': 0.9, 'provider': 0.8}","{'spacy_entities': {'ORG': ['WHRC Pantropical National Level Carbon Stock Dataset', 'Earth Engine Data Catalog', 'Google for Developers\n\n\n\n\n\n\n\n\n\n\n\n\n\n\n\n\n\n\n      \n      Skip', 'Deutsch\n\n\nEspañol\n\n\nEspañol – América Latina\n\n\nFrançais', 'Italiano\n\n\nPolski\n\n\nPortuguês', 'Türkçe'], 'NORP': ['English'], 'GPE': ['Indonesia', 'বাংলা'], 'WORK_OF_ART': ['Home\n  \n    \n\n\n    Categories\n  \n    \n\n\n    All']}, 'title_entities': [('WHRC Pantropical National Level Carbon Stock Dataset', 'ORG'), ('Earth Engine Data Catalog', 'ORG'), ('Google for Developers', 'ORG')]}","{'spatial': {'valid': True, 'errors': [], 'enriched': {'geocoded_location': {'name': 'Google', 'coordinates': (42.35092, -71.0783603)}}}, 'temporal': {'valid': False, 'errors': [], 'enriched': {}}, 'quality': {'valid': True, 'score': 90, 'errors': [], 'enriched': {'quality_score': 90}}}","{'tfidf_features': 13, 'text_length': 108}"
Earth Engine Data Catalog  |  Google for Developers,Investigation: Mejora del metano,"['Nhc', 'Emissions', 'Mss', 'Chg', 'Aai', 'Conservation-Easements', 'Fapar', 'Building', 'Goes-East', 'Cag', 'Management', 'Flow', 'Landandcarbon', 'Sar', 'Surface-Ground-Water', 'Uso Y Cobertura Del Suelo', 'Daily', 'Merced', 'Humidity', 'Radar', 'Dlr', 'Lance', 'Dewpoint', 'Gedi', 'Protected', 'Lm4', 'Composition', 'Nlcd-Derived', 'Drainage', 'Designation', 'Humedad-Del-Suelo', 'Emissivity', 'Albedo', 'Lm2', 'Goes-U', 'Flujo', 'Manglar', 'Geos', 'Evi', 'Jaxa', 'Jpl', 'L4', 'Sentinel2-Derived', 'Brdf', 'L3', 'Uhi', 'Climate', 'Biodiversidad', 'Ecosystems', 'Suelo', 'Emisividad', 'Nrt', 'Visible', 'Lm5', 'L9', 'Derivada De Landsat', 'Lt4', 'Ciesin', 'Ecosistema', 'Urban', 'Atmósfera', 'Openet', 'Noaa', 'Usgs', 'Srtm', 'Landsat', 'Tern', 'Water', 'L1', 'Worldpop', 'Built', 'Cloud', 'Cada 3 Horas', 'Built-Up', 'City', 'Lm3', 'Dnb', 'Surface', 'Luz Del Día', 'Biología', 'Criósfera', 'Nasa', 'Doi', 'Oregonstate', 'Usfs', 'Atmosphere', 'Planet-Nicfi', 'Urbano', 'Landscan', 'Nir', 'Google', 'Landscape-Gradient', 'Yale', 'Table', 'Hydrography', 'Netherlands', 'Potential', 'Copernicus', 'Rema', 'Derivado De Modis', 'Lc8', 'Incendio', 'Mascon', 'Fishing', 'Gfw', 'Merit', 'Neon', 'Wri', 'Csp', 'Aod', 'Envirometrix', 'L2', 'C2', 'Dem', 'Twente', 'Derivado De Landsat', 'Soil-Moisture', 'Criosfera', 'Goes-19', 'Tabla', 'Iucn', 'Radiance', 'Aluminium', 'Precipitation', 'Lm1', 'Topography', 'Hidrografía', 'Nopp', 'Lt5', 'History', 'Smap', 'Cds', 'Mrlc', 'Europe', 'Hielo', 'Goes-18', 'Palsar', 'Falsecolor', 'Formaldehyde', 'Masa', 'Latvia', 'Agricultura', 'Protected-Areas', 'Black-Sky', 'Fao', 'Usda', 'Evaporation', 'Demography', 'Larse', 'Low-Flying', 'Australia', 'Atmospheric', 'Wind', 'Crs', 'Annual', 'Density', 'Hycom', 'Viirs', 'Maiac', 'L8Sr', 'Sentinel1-Derived', 'Clorofila', 'Goes-T', 'Mtbs', 'Redcastle-Resources', 'Eroc', 'Metdata', 'Goes-16', 'Fragmentation', 'Polar', 'Edf', 'Direction', 'Dos', 'Mod09Q1', 'Air-Quality', 'Gridmet-Derived', 'Neon-Prod-Earthengine', 'Npp', 'Soil', 'Csiro', 'Onset-Greenness', 'Skysat', 'Gls', 'Lucas', 'Msi', 'Ols', 'Smk', 'Agua', 'Github', 'Hotspot', 'Avhrr', 'Lc9', 'Global', 'Open-Buildings', 'Bira', 'Modis', 'Opengeohub', 'Knmi', 'Bedrock', 'Ecmwf', 'Brightness', 'Landsat-Derived', 'Mcd64A1', 'Canadá', 'Radiación', 'Chla', 'Gpw', 'Burnt', 'Forzamiento', 'Neighborhood', 'Glaciar', 'Disaster', 'Pgc', 'Firms', 'Etm', 'L5', 'Humedad', 'Ncep', 'Brightness-Temperature', 'Human-Modification', 'Forest', 'Heat', 'Ergo', 'Pansharpened', 'Hydrosheds', 'Alos', 'Biodiversity', 'Photosynthesis', 'Political', 'Mod11A2', 'Lluvia', 'Edf-Methanesat-Ee', 'Districts', 'Ph', 'Murray', 'Calidad-Del-Aire', 'Roads', 'Basemaps', 'Ecoregions', 'Goes-17', 'Precipitación', 'Countries', 'Aqua', 'Highres', 'Reflectance', 'Wapor', 'Nube', 'Climate-Change', 'Geophysical', 'Gap', 'Par', 'Infrastructure-Boundaries', 'Mass', 'Ipcc', 'Cultivo', 'Tree-Cover', 'Conditioned', 'Ice', 'Temperatura', 'Phenology', 'Isda', 'Orthophoto', 'Videos', 'Sentinel', 'Satellite-Imagery', 'Conus', 'Eog', 'Pollution', 'Accessibility', 'Lights', 'Openlandmap', 'Gtac', 'Toa', 'Weather', 'Océano', 'Eu', 'Asia', 'Canada', 'Medium', 'Forestdatapartnership', 'Hidrología', '8 Días', 'Oli-Tirs', 'Sequía', 'Planet', 'Geofísica', 'Glims', 'Hyperspectral', 'Ahn', 'Methaneair', 'Forma', 'Publisher-Dataset', 'Proba', 'Gcp-Public-Data-Weathernext', 'State', 'Rainfall', 'Mensual', 'Hydrology', 'Jrc', 'Temperature', 'Prisma', 'Rgb', 'O3', 'Day', 'Eea', 'Fdc', 'Forest-Biomass', 'Merra', 'Goes', 'Water-Vapor', 'Carbono', 'Ndvi', 'Ocean', 'Lasrc', 'Map', 'L7', 'Ghsl', 'Primary-Forest', 'Antarctica', 'Mangrove', 'Lai', 'Airborne', 'Deforestation', 'Eros', 'Gmao', 'County', 'Departments', 'Ortofotos', 'Ldas', 'Classification', 'Intermareal', 'Height', 'Emit', 'Carbon', 'Conservación', 'Huracán', 'Fmask', 'Blm', 'Nature-Conservancy', 'So2', 'Hydroatlas', 'Mod44W', 'Disturbance', 'Pronóstico', 'Eosdis', 'Evapotranspiración', 'Provinces', 'Alh', 'Flux', '3Dep', 'Goes-R', 'Land', 'Glcf', 'Aspect', 'Lst', 'Mod16A2', 'Ecosystem', 'Le7', 'Surface-Temperature', 'Sst', 'Wildfire', 'Era5-Land', 'Mosaic', 'Fpar', 'Monthly', 'Ghg', 'Aboveground', 'Reanalysis', 'Terra', 'Oceans', 'Epa', 'Sand', 'Monitoring', 'Yearly', 'Settlement', 'Clima', 'Nrg', 'Africa', 'Imagery', 'Nlcd', 'L8', 'Shortwave', 'Vegetation-Indices', 'Ozone', 'Gddp', 'Pressure', 'Nicfi', 'Cdr', 'Conservation', '16 Días', 'Día', 'Flood', 'G-Portal', 'Global-Pasture-Watch', 'Builtup', 'Costero', 'Tasseled-Cap', 'Tsinghua', 'Ucsb', 'Cfmask', 'Sdg', 'Nitrogen-Dioxide', 'Gravity', 'Infrared', 'Sat-Io', 'Nighttime', 'Aster', 'Tcb', 'Idaho', 'Gridmet', 'Landuse-Landcover', 'Goes-West', 'Greenland', 'Agriculture', 'Tierra', 'Uso De La Tierra', 'Maca', 'Derivada De Gridmet', 'Palsar2', 'Por Hora', 'States', 'Lima', 'Oceandata', 'Area', 'Velocity', 'Dmsp', 'Carbon-Monoxide', 'Mcmip', 'Gfz', 'Ownership', 'Population', 'Gpp', 'Arctic', 'Umd', 'Hand', 'Evapotranspiration', 'Anual', 'Era5', 'Globfire', 'Multispectral', 'Biomass', 'Conjunto De Datos Del Publicador', 'Umn', 'Marine', 'Eudr', 'Us', 'Built-Environment', 'Imerg', 'Cmip5', 'Fire', 'Gpm', 'Water-Mask', 'Wcmc', 'Presión', 'Borders', 'Elevation-Topography', 'Finland', 'Evaporación', 'Acumulación', 'Gcom', 'Gaul', 'Coastal', 'Esa', 'Sr', 'Aqueduct', 'Mod17', 'Census', 'Gis Stack Exchange', 'Cryosphere', 'Vegetation', 'Methane', 'Fuego', 'Probav', 'L9Sr', 'Canopy', 'So4', 'Rangeland', 'Crop', 'Grace', 'Geofísico', 'Lidar', 'Alos2', 'Cobertura Del Suelo', 'Intertidal', 'Ga', 'Diario', 'Flow-Direction', 'Gcom-C', 'Clay', 'Gimp', 'Twitter', 'Elevation', 'Tiger', 'Mpa', 'Berkeley', 'Sea-Salt', 'Plant-Productivity', 'Watershed', 'Landuse', 'Landfire', 'Landcover', 'Hourly', 'Oxford', 'Noche', 'Cambio Climático', 'Forecast', 'Change-Detection', 'Chlorophyll-A', 'Drenaje', 'Abi', 'Community-Dataset', 'Surface-Reflectance', 'Burn', 'Estonia', 'Goes-S', 'Orthophotos', 'Drought', 'Aerosol', 'Océanos', 'Boundaries', 'Tropomi']",,...,[],,,,,,,,https://developers.google.com/earth-engine/datasets/catalog?hl=es,{},"{'title': 1.0, 'description': 1.0, 'tags': 0.9, 'provider': 0.8}","{'spacy_entities': {'ORG': ['Earth Engine Data Catalog', 'Deutsch\n\n\nEspañol\n\n\nEspañol – América Latina\n\n\nFrançais', 'Italiano\n\n\nPolski\n\n\nPortuguês', 'Türkçe', 'Más\n\n\n\n\n\n\n\n\n\n\n\n\n\n\n\n\n\n\n\n\n\n\n\n\n    \n          Earth Engine Data Catalog'], 'NORP': ['English'], 'GPE': ['Indonesia', 'Página', 'Página'], 'PERSON': ['Acceder', 'Landsat\n   \n\n\n\n\n\n\n\n      MODIS'], 'WORK_OF_ART': ['Categorías\n  \n    \n\n\n    Todos', 'Categorías\n   \n\n\n\n\n\n      Todos']}, 'title_entities': [('Earth Engine Data Catalog', 'ORG'), ('Google for Developers', 'ORG')]}","{'spatial': {'valid': True, 'errors': [], 'enriched': {'geocoded_location': {'name': 'Google', 'coordinates': (42.35092, -71.0783603)}}}, 'temporal': {'valid': False, 'errors': [], 'enriched': {}}, 'quality': {'valid': True, 'score': 90, 'errors': [], 'enriched': {'quality_score': 90}}}","{'tfidf_features': 6, 'text_length': 51}"
Datasets tagged openet in Earth Engine  |  Earth Engine Data Catalog  |  Google for Developers,"management applications.An ensemble ET dataset is available, combining results from individual models to provide a comprehensive estimate.OpenET data is openly accessible through Google Earth Engine, facilitating analysis and integration with other geospatial datasets.","['Github', 'Monthly', 'Gis Stack Exchange', 'Evapotranspiration', 'Videos', 'Water', 'Openet', 'Gridmet-Derived', 'Twitter', 'Medium', 'Landsat-Derived']",,...,[],,,,,,,,https://developers.google.com/earth-engine/datasets/tags/openet,{},"{'title': 1.0, 'description': 1.0, 'tags': 0.9, 'provider': 0.8}","{'spacy_entities': {'LOC': ['Earth Engine'], 'ORG': ['Earth Engine Data Catalog', 'Deutsch\n\n\nEspañol\n\n\nEspañol – América Latina\n\n\nFrançais', 'Italiano\n\n\nPolski\n\n\nPortuguês', 'Türkçe'], 'NORP': ['English'], 'GPE': ['Indonesia', 'বাংলা'], 'WORK_OF_ART': ['Home\n  \n    \n\n\n    Categories\n  \n    \n\n\n    All'], 'PERSON': ['Landsat\n   \n\n\n\n\n\n\n\n      MODIS\n   \n\n\n\n\n\n      ']}, 'title_entities': [('Earth Engine', 'LOC'), ('Earth Engine Data Catalog', 'ORG'), ('Google for Developers', 'ORG')]}","{'spatial': {'valid': True, 'errors': [], 'enriched': {'geocoded_location': {'name': 'Google', 'coordinates': (42.35092, -71.0783603)}}}, 'temporal': {'valid': False, 'errors': [], 'enriched': {}}, 'quality': {'valid': True, 'score': 90, 'errors': [], 'enriched': {'quality_score': 90}}}","{'tfidf_features': 9, 'text_length': 94}"
Datasets tagged ncep in Earth Engine  |  Earth Engine Data Catalog  |  Google for Developers,,"['Github', 'Cloud', 'Forecast', 'Flux', 'Pressure', 'Gis Stack Exchange', 'Videos', 'Reanalysis', 'Twitter', 'Atmosphere', 'Noaa', 'Daylight', 'Medium', 'Geophysical', 'Climate', 'Humidity', 'Ncep']",,...,[],,,,,,,,https://developers.google.com/earth-engine/datasets/tags/ncep,{},"{'title': 1.0, 'description': 1.0, 'tags': 0.9}","{'spacy_entities': {'LOC': ['Earth Engine'], 'ORG': ['Earth Engine Data Catalog', 'Deutsch\n\n\nEspañol\n\n\nEspañol – América Latina\n\n\nFrançais', 'Italiano\n\n\nPolski\n\n\nPortuguês', 'Türkçe'], 'NORP': ['English'], 'GPE': ['Indonesia', 'বাংলা'], 'WORK_OF_ART': ['Home\n  \n    \n\n\n    Categories\n  \n    \n\n\n    All'], 'PERSON': ['Landsat\n   \n\n\n\n\n\n\n\n      MODIS\n   \n\n\n\n\n\n      Senti']}, 'title_entities': [('Earth Engine', 'LOC'), ('Earth Engine Data Catalog', 'ORG'), ('Google for Developers', 'ORG')]}","{'spatial': {'valid': True, 'errors': [], 'enriched': {'geocoded_location': {'name': 'Google', 'coordinates': (42.35092, -71.0783603)}}}, 'temporal': {'valid': False, 'errors': [], 'enriched': {}}, 'quality': {'valid': True, 'score': 80, 'errors': [], 'enriched': {'quality_score': 80}}}","{'tfidf_features': 9, 'text_length': 92}"
"WWF HydroSHEDS Drainage Direction, 30 Arc-Seconds  |  Earth Engine Data Catalog  |  Google for Developers",WWF,"['Github', 'Direction\nDrainage\nFlow\nGeophysical\nHydrography\nHydrology\nHydrosheds\nSrtm\nSurface-Ground-Water\nWater\nWwf', 'Drainage', 'Hydrosheds', 'Surface-Ground-Water', 'Wwf', 'Gis Stack Exchange', 'Videos', 'Water', 'Twitter', 'Direction', 'Srtm', 'Flow', 'Hydrography', 'Hydrology', 'Medium', 'Geophysical']",,...,[],,,,,,,,https://developers.google.com/earth-engine/datasets/catalog/WWF_HydroSHEDS_30DIR,{},"{'title': 1.0, 'description': 1.0, 'tags': 0.9, 'provider': 0.8}","{'spacy_entities': {'CARDINAL': ['30'], 'EVENT': ['Arc-Seconds'], 'ORG': ['Earth Engine Data Catalog', 'Google for Developers\n\n\n\n\n\n\n\n\n\n\n\n\n\n\n\n\n\n\n      \n      Skip', 'Deutsch\n\n\nEspañol\n\n\nEspañol – América Latina\n\n\nFrançais', 'Italiano\n\n\nPolski\n\n\nPortuguês', 'Türkçe'], 'NORP': ['English'], 'GPE': ['Indonesia', 'বাংলা'], 'WORK_OF_ART': ['Home\n  \n    \n\n\n    Categories\n  \n    \n\n\n    All'], 'PERSON': ['Landsat\n   \n\n\n\n\n\n\n\n      MODIS']}, 'title_entities': [('WWF HydroSHEDS Drainage Direction', 'ORG'), ('30', 'CARDINAL'), ('Arc-Seconds', 'EVENT'), ('Earth Engine Data Catalog', 'ORG'), ('Google for Developers', 'ORG')]}","{'spatial': {'valid': True, 'errors': [], 'enriched': {'geocoded_location': {'name': 'Google', 'coordinates': (42.35092, -71.0783603)}}}, 'temporal': {'valid': False, 'errors': [], 'enriched': {}}, 'quality': {'valid': True, 'score': 90, 'errors': [], 'enriched': {'quality_score': 90}}}","{'tfidf_features': 13, 'text_length': 105}"
Oxford MAP LST: Malaria Atlas Project Gap-Filled Nighttime Land Surface Temperature  |  Earth Engine Data Catalog  |  Google for Developers,Oxford Malaria Atlas Project,"['Github', 'Oxford', 'Surface-Temperature', 'Gis Stack Exchange', 'Videos', 'Climate\nLst\nMap\nOxford\nSurface-Temperature', 'Lst', 'Twitter', 'Map', 'Medium', 'Climate']",,...,[],,,,,,,,https://developers.google.com/earth-engine/datasets/catalog/Oxford_MAP_LST_Night_5km_Monthly,{},"{'title': 1.0, 'description': 1.0, 'tags': 0.9, 'provider': 0.8}","{'spacy_entities': {'PERSON': ['Oxford MAP', 'Malaria Atlas Project Gap-'], 'ORG': ['Earth Engine Data Catalog', 'Google for Developers\n\n\n\n\n\n\n\n\n\n\n\n\n\n\n\n\n\n\n      \n      Skip', 'Deutsch\n\n\nEspañol\n\n\nEspañol – América Latina\n\n\nFrançais', 'Italiano\n\n\nPolski\n\n\nPortuguês', 'Türkçe'], 'NORP': ['English'], 'GPE': ['Indonesia', 'বাংলা'], 'WORK_OF_ART': ['Home\n  \n    \n\n\n    Categories\n  \n    \n\n\n    All']}, 'title_entities': [('Oxford', 'ORG'), ('Malaria Atlas Project Gap-', 'PERSON'), ('Earth Engine Data Catalog', 'ORG'), ('Google for Developers', 'ORG')]}","{'spatial': {'valid': True, 'errors': [], 'enriched': {'geocoded_location': {'name': 'Oxford', 'coordinates': (51.7520131, -1.2578499)}}}, 'temporal': {'valid': False, 'errors': [], 'enriched': {}}, 'quality': {'valid': True, 'score': 90, 'errors': [], 'enriched': {'quality_score': 90}}}","{'tfidf_features': 18, 'text_length': 139}"
"JRC Yearly Water Classification History, v1.4  |  Earth Engine Data Catalog  |  Google for Developers",EC JRC / Google,"['Annual', 'Github', 'Yearly', 'Surface-Ground-Water', 'Google', 'Medium', 'Gis Stack Exchange', 'Videos', 'History', 'Water', 'Surface', 'Twitter', 'Annual\nGeophysical\nGoogle\nHistory\nJrc\nLandsat-Derived\nSurface\nSurface-Ground-Water\nWater\nYearly', 'Geophysical', 'Landsat-Derived', 'Jrc']",,...,[],,,,,,,,https://developers.google.com/earth-engine/datasets/catalog/JRC_GSW1_4_YearlyHistory,{},"{'title': 1.0, 'description': 1.0, 'tags': 0.9, 'provider': 0.8}","{'spacy_entities': {'PERSON': ['JRC', 'Landsat\n   \n\n\n\n\n\n\n\n      MODIS'], 'ORG': ['Earth Engine Data Catalog', 'Google for Developers\n\n\n\n\n\n\n\n\n\n\n\n\n\n\n\n\n\n\n      \n      Skip', 'Deutsch\n\n\nEspañol\n\n\nEspañol – América Latina\n\n\nFrançais', 'Italiano\n\n\nPolski\n\n\nPortuguês', 'Türkçe'], 'NORP': ['English'], 'GPE': ['Indonesia', 'বাংলা'], 'WORK_OF_ART': ['Home\n  \n    \n\n\n    Categories\n  \n    \n\n\n    All']}, 'title_entities': [('JRC Yearly Water Classification History', 'ORG'), ('Earth Engine Data Catalog', 'ORG'), ('Google for Developers', 'ORG')]}","{'spatial': {'valid': True, 'errors': [], 'enriched': {'geocoded_location': {'name': 'Google', 'coordinates': (42.35092, -71.0783603)}}}, 'temporal': {'valid': False, 'errors': [], 'enriched': {}}, 'quality': {'valid': True, 'score': 90, 'errors': [], 'enriched': {'quality_score': 90}}}","{'tfidf_features': 12, 'text_length': 101}"
Datasets tagged cdr in Earth Engine  |  Earth Engine Data Catalog  |  Google for Developers,since 2024-03-31 due to ongoing infrastructure updates. There is no current timeline for when dataset updates will resume. This dataset provides a high quality Climate Data Record (CDR) of global infrared measurements from geostationary satellites. …,"['Vegetation-Indices', 'Cdr', 'Twitter', 'Lai', 'Brightness', 'Cloud', 'Fapar', 'Ice', 'Videos', 'Hourly', 'Climate', 'Atmospheric', 'Gis Stack Exchange', 'Atmosphere', 'Oceans', 'Daily', 'Infrared', 'Humidity', 'Github', 'Flux', 'Weather', 'Aerosol', 'Reflectance', 'Precipitation', 'Ndvi', 'Noaa', 'Heat', 'Ocean', 'Medium', 'Geophysical', 'Land', 'Avhrr']",,...,[],,,,,,,,https://developers.google.com/earth-engine/datasets/tags/cdr,{},"{'title': 1.0, 'description': 1.0, 'tags': 0.9, 'provider': 0.8}","{'spacy_entities': {'LOC': ['Earth Engine'], 'ORG': ['Earth Engine Data Catalog', 'Deutsch\n\n\nEspañol\n\n\nEspañol – América Latina\n\n\nFrançais', 'Italiano\n\n\nPolski\n\n\nPortuguês', 'Türkçe', 'Sentin'], 'NORP': ['English'], 'GPE': ['Indonesia', 'বাংলা'], 'WORK_OF_ART': ['Home\n  \n    \n\n\n    Categories\n  \n    \n\n\n    All'], 'PERSON': ['Landsat\n   \n\n\n\n\n\n\n\n      MODIS\n   \n\n\n\n\n\n      ']}, 'title_entities': [('Earth Engine', 'LOC'), ('Earth Engine Data Catalog', 'ORG'), ('Google for Developers', 'ORG')]}","{'spatial': {'valid': True, 'errors': [], 'enriched': {'geocoded_location': {'name': 'Google', 'coordinates': (42.35092, -71.0783603)}}}, 'temporal': {'valid': False, 'errors': [], 'enriched': {}}, 'quality': {'valid': True, 'score': 90, 'errors': [], 'enriched': {'quality_score': 90}}}","{'tfidf_features': 9, 'text_length': 91}"
WAPOR Dekadal Reference Evapotranspiration 3.0  |  Earth Engine Data Catalog  |  Google for Developers,FAO UN,"['Github', 'Gis Stack Exchange', 'Videos', 'Fao', 'Water-Vapor', 'Water', 'Wapor', 'Twitter', 'Agriculture', 'Agriculture\nFao\nWapor\nWater\nWater-Vapor', 'Medium']",,...,[],,,,,,,,https://developers.google.com/earth-engine/datasets/catalog/FAO_WAPOR_3_L1_RET_D,{},"{'title': 1.0, 'description': 1.0, 'tags': 0.9, 'provider': 0.8}","{'spacy_entities': {'ORG': ['Earth Engine Data Catalog', 'Google for Developers\n\n\n\n\n\n\n\n\n\n\n\n\n\n\n\n\n\n\n      \n      Skip', 'Deutsch\n\n\nEspañol\n\n\nEspañol – América Latina\n\n\nFrançais', 'Italiano\n\n\nPolski\n\n\nPortuguês', 'Türkçe', 'Landsat\n   \n\n\n\n\n\n\n\n      MODIS\n   \n\n\n\n\n'], 'NORP': ['English'], 'GPE': ['Indonesia', 'বাংলা'], 'WORK_OF_ART': ['Home\n  \n    \n\n\n    Categories\n  \n    \n\n\n    All']}, 'title_entities': [('WAPOR Dekadal Reference Evapotranspiration', 'ORG'), ('Earth Engine Data Catalog', 'ORG'), ('Google for Developers', 'ORG')]}","{'spatial': {'valid': True, 'errors': [], 'enriched': {'geocoded_location': {'name': 'Google', 'coordinates': (42.35092, -71.0783603)}}}, 'temporal': {'valid': False, 'errors': [], 'enriched': {}}, 'quality': {'valid': True, 'score': 90, 'errors': [], 'enriched': {'quality_score': 90}}}","{'tfidf_features': 10, 'text_length': 102}"
Earth Engine Data Catalog  |  Google for Developers,,"['Github', 'Gis Stack Exchange', 'Videos', 'Twitter', 'Medium']",,...,[],,,,,,,,https://developers.google.com/earth-engine/datasets,{},"{'title': 1.0, 'description': 1.0, 'tags': 0.9}","{'spacy_entities': {'ORG': ['Earth Engine Data Catalog', 'Earth Engine Data Catalog\n\n\n\n\n\n\n\n\n\n\n\n\n\n\n\n\n\n/\n\n\n\n\n\n\n\n\n\n\n', 'Deutsch\n\n\nEspañol\n\n\nEspañol – América Latina\n\n\nFrançais', 'Italiano\n\n\nPolski\n\n\nPortuguês', 'Türkçe'], 'NORP': ['English'], 'GPE': ['Indonesia', 'বাংলা'], 'WORK_OF_ART': ['Home\n  \n    \n\n\n    Categories\n  \n    \n\n\n    All'], 'PERSON': ['Landsat\n   \n\n\n\n\n\n\n\n      MODIS\n   \n\n\n\n\n\n      ']}, 'title_entities': [('Earth Engine Data Catalog', 'ORG'), ('Google for Developers', 'ORG')]}","{'spatial': {'valid': True, 'errors': [], 'enriched': {'geocoded_location': {'name': 'Google', 'coordinates': (42.35092, -71.0783603)}}}, 'temporal': {'valid': False, 'errors': [], 'enriched': {}}, 'quality': {'valid': True, 'score': 80, 'errors': [], 'enriched': {'quality_score': 80}}}","{'tfidf_features': 6, 'text_length': 51}"
WorldPop Global Project Population Data: Constrained Estimated Age and Sex Structures of Residential Population per 100x100m Grid Square  |  Earth Engine Data Catalog  |  Google for Developers,WorldPop,"['Github', 'Gis Stack Exchange', 'Videos', 'Demography', 'Worldpop', 'Population', 'Twitter', 'Medium', 'Demography\nPopulation\nWorldpop']",,...,[],,,,,,,,https://developers.google.com/earth-engine/datasets/catalog/WorldPop_GP_100m_pop_age_sex_cons_unadj,{},"{'title': 1.0, 'description': 1.0, 'tags': 0.9, 'provider': 0.8}","{'spacy_entities': {'ORG': ['Global Project Population Data', 'Earth Engine Data Catalog', 'Google for Developers\n\n\n\n\n\n\n\n\n\n\n\n\n\n\n\n\n\n\n      \n      Skip', 'Deutsch\n\n\nEspañol\n\n\nEspañol – América Latina\n\n\nFrançais', 'Italiano\n\n\nPolski\n\n\nPortuguês', 'Türkçe'], 'PERSON': ['Sex Structures', 'Grid Square'], 'CARDINAL': ['100x100'], 'NORP': ['English'], 'GPE': ['Indonesia', 'বাংলা'], 'WORK_OF_ART': ['Home\n  \n    \n\n\n    Categories\n  \n    \n\n\n    All']}, 'title_entities': [('WorldPop Global Project Population Data', 'ORG'), ('Sex Structures', 'PERSON'), ('100x100', 'CARDINAL'), ('Grid Square', 'PERSON'), ('Earth Engine Data Catalog', 'ORG'), ('Google for Developers', 'ORG')]}","{'spatial': {'valid': True, 'errors': [], 'enriched': {'spatial_scope': 'global', 'geocoded_location': {'name': 'Grid Square', 'coordinates': (51.4884251, -2.7600898)}}}, 'temporal': {'valid': False, 'errors': [], 'enriched': {}}, 'quality': {'valid': True, 'score': 90, 'errors': [], 'enriched': {'quality_score': 90}}}","{'tfidf_features': 19, 'text_length': 192}"
Datasets tagged glacier in Earth Engine  |  Earth Engine Data Catalog  |  Google for Developers,,"['Github', 'Nasa', 'Ice', 'Glacier', 'Gis Stack Exchange', 'Videos', 'Cryosphere', 'Twitter', 'Landcover', 'Glims', 'Medium']",,...,[],,,,,,,,https://developers.google.com/earth-engine/datasets/tags/glacier,{},"{'title': 1.0, 'description': 1.0, 'tags': 0.9}","{'spacy_entities': {'LOC': ['Earth Engine'], 'ORG': ['Earth Engine Data Catalog', 'Deutsch\n\n\nEspañol\n\n\nEspañol – América Latina\n\n\nFrançais', 'Italiano\n\n\nPolski\n\n\nPortuguês', 'Türkçe'], 'NORP': ['English'], 'GPE': ['Indonesia', 'বাংলা'], 'WORK_OF_ART': ['Home\n  \n    \n\n\n    Categories\n  \n    \n\n\n    All'], 'PERSON': ['Landsat\n   \n\n\n\n\n\n\n\n      MODIS\n   \n\n\n\n\n\n      ']}, 'title_entities': [('Earth Engine', 'LOC'), ('Earth Engine Data Catalog', 'ORG'), ('Google for Developers', 'ORG')]}","{'spatial': {'valid': True, 'errors': [], 'enriched': {'geocoded_location': {'name': 'Google', 'coordinates': (42.35092, -71.0783603)}}}, 'temporal': {'valid': False, 'errors': [], 'enriched': {}}, 'quality': {'valid': True, 'score': 80, 'errors': [], 'enriched': {'quality_score': 80}}}","{'tfidf_features': 9, 'text_length': 95}"
OpenET Ensemble Monthly Evapotranspiration v2.0  |  Earth Engine Data Catalog  |  Google for Developers,"OpenET, Inc.","['Github', 'Monthly', 'Gis Stack Exchange', 'Evapotranspiration', 'Videos', 'Water-Vapor', 'Water', 'Gridmet-Derived', 'Openet', 'Twitter', 'Evapotranspiration\nGridmet-Derived\nLandsat-Derived\nMonthly\nOpenet\nWater\nWater-Vapor', 'Medium', 'Landsat-Derived']",,...,[],,,,,,,,https://developers.google.com/earth-engine/datasets/catalog/OpenET_ENSEMBLE_CONUS_GRIDMET_MONTHLY_v2_0,{},"{'title': 1.0, 'description': 1.0, 'tags': 0.9, 'provider': 0.8}","{'spacy_entities': {'ORG': ['Ensemble Monthly Evapotranspiration', 'Earth Engine Data Catalog', 'Google for Developers\n\n\n\n\n\n\n\n\n\n\n\n\n\n\n\n\n\n\n      \n      Skip', 'Deutsch\n\n\nEspañol\n\n\nEspañol – América Latina\n\n\nFrançais', 'Italiano\n\n\nPolski\n\n\nPortuguês', 'Türkçe'], 'NORP': ['English'], 'GPE': ['Indonesia', 'বাংলা'], 'WORK_OF_ART': ['Home\n  \n    \n\n\n    Categories\n  \n    \n\n\n    All'], 'PERSON': ['Landsat\n   \n\n\n\n\n\n\n\n      MODIS']}, 'title_entities': [('Ensemble Monthly Evapotranspiration', 'ORG'), ('Earth Engine Data Catalog', 'ORG'), ('Google for Developers', 'ORG')]}","{'spatial': {'valid': True, 'errors': [], 'enriched': {'geocoded_location': {'name': 'Google', 'coordinates': (42.35092, -71.0783603)}}}, 'temporal': {'valid': False, 'errors': [], 'enriched': {}}, 'quality': {'valid': True, 'score': 90, 'errors': [], 'enriched': {'quality_score': 90}}}","{'tfidf_features': 11, 'text_length': 103}"
WRI Aqueduct Baseline Annual Version 4.0  |  Earth Engine Data Catalog  |  Google for Developers,World Resources Institute,"['Monitoring', 'Github', 'Aqueduct', 'Surface-Ground-Water', 'Medium', 'Gis Stack Exchange', 'Videos', 'Twitter', 'Wri', 'Flood', 'Table', 'Aqueduct\nFlood\nMonitoring\nSurface-Ground-Water\nTable\nWri']",,...,[],,,,,,,,https://developers.google.com/earth-engine/datasets/catalog/WRI_Aqueduct_Water_Risk_V4_baseline_annual,{},"{'title': 1.0, 'description': 1.0, 'tags': 0.9, 'provider': 0.8}","{'spacy_entities': {'ORG': ['Aqueduct Baseline', 'Earth Engine Data Catalog', 'Google for Developers\n\n\n\n\n\n\n\n\n\n\n\n\n\n\n\n\n\n\n      \n      Skip', 'Deutsch\n\n\nEspañol\n\n\nEspañol – América Latina\n\n\nFrançais', 'Italiano\n\n\nPolski\n\n\nPortuguês', 'Türkçe'], 'DATE': ['Annual'], 'CARDINAL': ['4.0'], 'NORP': ['English'], 'GPE': ['Indonesia', 'বাংলা'], 'WORK_OF_ART': ['Home\n  \n    \n\n\n    Categories\n  \n    \n\n\n    All'], 'PERSON': ['Landsat\n   \n\n\n\n\n\n\n\n      MODIS\n   \n\n\n\n\n\n   ']}, 'title_entities': [('WRI Aqueduct Baseline', 'ORG'), ('Annual', 'DATE'), ('4.0', 'CARDINAL'), ('Earth Engine Data Catalog', 'ORG'), ('Google for Developers', 'ORG')]}","{'spatial': {'valid': True, 'errors': [], 'enriched': {'geocoded_location': {'name': 'Google', 'coordinates': (42.35092, -71.0783603)}}}, 'temporal': {'valid': False, 'errors': [], 'enriched': {}}, 'quality': {'valid': True, 'score': 90, 'errors': [], 'enriched': {'quality_score': 90}}}","{'tfidf_features': 11, 'text_length': 96}"
Datasets tagged dust in Earth Engine  |  Earth Engine Data Catalog  |  Google for Developers,,"['Carbon', 'Github', 'Dust', 'Merra', 'Nasa', 'Gis Stack Exchange', 'Aerosol', 'Mass', 'Videos', 'Twitter', 'Atmosphere', 'Medium']",,...,[],,,,,,,,https://developers.google.com/earth-engine/datasets/tags/dust,{},"{'title': 1.0, 'description': 1.0, 'tags': 0.9}","{'spacy_entities': {'LOC': ['Earth Engine'], 'ORG': ['Earth Engine Data Catalog', 'Deutsch\n\n\nEspañol\n\n\nEspañol – América Latina\n\n\nFrançais', 'Italiano\n\n\nPolski\n\n\nPortuguês', 'Türkçe'], 'NORP': ['English'], 'GPE': ['Indonesia', 'বাংলা'], 'WORK_OF_ART': ['Home\n  \n    \n\n\n    Categories\n  \n    \n\n\n    All'], 'PERSON': ['Landsat\n   \n\n\n\n\n\n\n\n      MODIS\n   \n\n\n\n\n\n      Sen']}, 'title_entities': [('Earth Engine', 'LOC'), ('Earth Engine Data Catalog', 'ORG'), ('Google for Developers', 'ORG')]}","{'spatial': {'valid': True, 'errors': [], 'enriched': {'geocoded_location': {'name': 'Google', 'coordinates': (42.35092, -71.0783603)}}}, 'temporal': {'valid': False, 'errors': [], 'enriched': {}}, 'quality': {'valid': True, 'score': 80, 'errors': [], 'enriched': {'quality_score': 80}}}","{'tfidf_features': 9, 'text_length': 92}"
RGE ALTI: IGN RGE ALTI Digital Elevation 1m  |  Earth Engine Data Catalog  |  Google for Developers,IGN,"['Github', 'Dem', 'Medium', 'Gis Stack Exchange', 'Videos', 'Twitter', 'Elevation', 'Elevation-Topography', 'Dem\nElevation\nElevation-Topography\nGeophysical', 'Geophysical']",,...,[],,,,,,,,https://developers.google.com/earth-engine/datasets/catalog/IGN_RGE_ALTI_1M_2_0,{},"{'title': 1.0, 'description': 1.0, 'tags': 0.9, 'provider': 0.8}","{'spacy_entities': {'ORG': ['Digital', 'Earth Engine Data Catalog', 'Google for Developers\n\n\n\n\n\n\n\n\n\n\n\n\n\n\n\n\n\n\n      \n      Skip', 'Deutsch\n\n\nEspañol\n\n\nEspañol – América Latina\n\n\nFrançais', 'Italiano\n\n\nPolski\n\n\nPortuguês', 'Türkçe'], 'CARDINAL': ['1'], 'NORP': ['English'], 'GPE': ['Indonesia', 'বাংলা'], 'WORK_OF_ART': ['Home\n  \n    \n\n\n    Categories\n  \n    \n\n\n    All'], 'PERSON': ['Landsat\n   \n\n\n\n\n\n\n\n      MODIS']}, 'title_entities': [('Digital', 'ORG'), ('1', 'CARDINAL'), ('Earth Engine Data Catalog', 'ORG'), ('Google for Developers', 'ORG')]}","{'spatial': {'valid': True, 'errors': [], 'enriched': {'geocoded_location': {'name': 'Google', 'coordinates': (42.35092, -71.0783603)}}}, 'temporal': {'valid': False, 'errors': [], 'enriched': {}}, 'quality': {'valid': True, 'score': 90, 'errors': [], 'enriched': {'quality_score': 90}}}","{'tfidf_features': 12, 'text_length': 99}"
iSDAsoil Extractable Zinc  |  Earth Engine Data Catalog  |  Google for Developers,iSDA,"['Github', 'Gis Stack Exchange', 'Isda', 'Videos', 'Africa', 'Twitter', 'Soil', 'Africa\nIsda\nSoil\nZinc', 'Zinc', 'Medium']",,...,[],,,,,,,,https://developers.google.com/earth-engine/datasets/catalog/ISDASOIL_Africa_v1_zinc_extractable,{},"{'title': 1.0, 'description': 1.0, 'tags': 0.9, 'provider': 0.8}","{'spacy_entities': {'ORG': ['iSDAsoil Extractable Zinc', 'Earth Engine Data Catalog', 'Google for Developers\n\n\n\n\n\n\n\n\n\n\n\n\n\n\n\n\n\n\n      \n      Skip', 'Deutsch\n\n\nEspañol\n\n\nEspañol – América Latina\n\n\nFrançais', 'Italiano\n\n\nPolski\n\n\nPortuguês', 'Türkçe'], 'NORP': ['English'], 'GPE': ['Indonesia', 'বাংলা'], 'WORK_OF_ART': ['Home\n  \n    \n\n\n    Categories\n  \n    \n\n\n    All'], 'PERSON': ['Landsat\n   \n\n\n\n\n\n\n\n      MODIS\n   \n\n\n\n\n\n      ']}, 'title_entities': [('iSDAsoil Extractable Zinc', 'ORG'), ('Earth Engine Data Catalog', 'ORG'), ('Google for Developers', 'ORG')]}","{'spatial': {'valid': True, 'errors': [], 'enriched': {'geocoded_location': {'name': 'Google', 'coordinates': (42.35092, -71.0783603)}}}, 'temporal': {'valid': False, 'errors': [], 'enriched': {}}, 'quality': {'valid': True, 'score': 90, 'errors': [], 'enriched': {'quality_score': 90}}}","{'tfidf_features': 9, 'text_length': 81}"
"HYCOM: Hybrid Coordinate Ocean Model, Water Velocity  |  Earth Engine Data Catalog  |  Google for Developers",NOPP,"['Github', 'Hycom\nNopp\nOcean\nOceans\nVelocity\nWater', 'Nopp', 'Gis Stack Exchange', 'Videos', 'Hycom', 'Water', 'Twitter', 'Oceans', 'Ocean', 'Velocity', 'Medium']",,...,[],,,,,,,,https://developers.google.com/earth-engine/datasets/catalog/HYCOM_sea_water_velocity,{},"{'title': 1.0, 'description': 1.0, 'tags': 0.9, 'provider': 0.8}","{'spacy_entities': {'PERSON': ['HYCOM', 'Ocean Model'], 'ORG': ['Earth Engine Data Catalog', 'Google for Developers\n\n\n\n\n\n\n\n\n\n\n\n\n\n\n\n\n\n\n      \n      Skip', 'Deutsch\n\n\nEspañol\n\n\nEspañol – América Latina\n\n\nFrançais', 'Italiano\n\n\nPolski\n\n\nPortuguês', 'Türkçe'], 'NORP': ['English'], 'GPE': ['Indonesia', 'বাংলা'], 'WORK_OF_ART': ['Home\n  \n    \n\n\n    Categories\n  \n    \n\n\n    All']}, 'title_entities': [('Ocean Model', 'PERSON'), ('Earth Engine Data Catalog', 'ORG'), ('Google for Developers', 'ORG')]}","{'spatial': {'valid': True, 'errors': [], 'enriched': {'geocoded_location': {'name': 'Water Velocity', 'coordinates': (51.6716237, -0.0216874)}}}, 'temporal': {'valid': False, 'errors': [], 'enriched': {}}, 'quality': {'valid': True, 'score': 90, 'errors': [], 'enriched': {'quality_score': 90}}}","{'tfidf_features': 13, 'text_length': 108}"
OpenLandMap Soil Bulk Density  |  Earth Engine Data Catalog  |  Google for Developers,EnvirometriX Ltd,"['Github', 'Density', 'Opengeohub', 'Gis Stack Exchange', 'Videos', 'Twitter', 'Soil', 'Density\nEnvirometrix\nOpengeohub\nOpenlandmap\nSoil\nBulk', 'Openlandmap', 'Bulk', 'Medium', 'Envirometrix']",,...,[],,,,,,,,https://developers.google.com/earth-engine/datasets/catalog/OpenLandMap_SOL_SOL_BULKDENS-FINEEARTH_USDA-4A1H_M_v02,{},"{'title': 1.0, 'description': 1.0, 'tags': 0.9, 'provider': 0.8}","{'spacy_entities': {'PERSON': ['Soil Bulk Density', 'Landsat\n   \n\n\n\n\n\n\n\n      MODIS\n   \n\n\n\n\n\n      '], 'ORG': ['Earth Engine Data Catalog', 'Google for Developers\n\n\n\n\n\n\n\n\n\n\n\n\n\n\n\n\n\n\n      \n      Skip', 'Deutsch\n\n\nEspañol\n\n\nEspañol – América Latina\n\n\nFrançais', 'Italiano\n\n\nPolski\n\n\nPortuguês', 'Türkçe'], 'NORP': ['English'], 'GPE': ['Indonesia', 'বাংলা'], 'WORK_OF_ART': ['Home\n  \n    \n\n\n    Categories\n  \n    \n\n\n    All']}, 'title_entities': [('Earth Engine Data Catalog', 'ORG'), ('Google for Developers', 'ORG')]}","{'spatial': {'valid': True, 'errors': [], 'enriched': {'geocoded_location': {'name': 'Google', 'coordinates': (42.35092, -71.0783603)}}}, 'temporal': {'valid': False, 'errors': [], 'enriched': {}}, 'quality': {'valid': True, 'score': 90, 'errors': [], 'enriched': {'quality_score': 90}}}","{'tfidf_features': 10, 'text_length': 85}"
MOD10A2.061 Terra Snow Cover 8-Day L3 Global 500m  |  Earth Engine Data Catalog  |  Google for Developers,NASA NSIDC DAAC at CIRES,"['Github', 'Global', 'Modis', 'Nasa', 'Medium', 'Gis Stack Exchange', 'Videos', 'Cryosphere', 'Terra', 'Twitter', 'Nsidc', 'Daily', 'Cryosphere\nDaily\nGeophysical\nGlobal\nModis\nNasa\nNsidc\nSnow\nTerra', 'Snow', 'Geophysical']",,...,[],,,,,,,,https://developers.google.com/earth-engine/datasets/catalog/MODIS_061_MOD10A2,{},"{'title': 1.0, 'description': 1.0, 'tags': 0.9, 'provider': 0.8}","{'spacy_entities': {'DATE': ['8-Day'], 'PRODUCT': ['L3 Global 500'], 'ORG': ['Earth Engine Data Catalog', 'Google for Developers\n\n\n\n\n\n\n\n\n\n\n\n\n\n\n\n\n\n\n      \n      Skip', 'Deutsch\n\n\nEspañol\n\n\nEspañol – América Latina\n\n\nFrançais', 'Italiano\n\n\nPolski\n\n\nPortuguês', 'Türkçe'], 'NORP': ['English'], 'GPE': ['Indonesia', 'বাংলা'], 'WORK_OF_ART': ['Home\n  \n    \n\n\n    Categories\n  \n    \n\n\n    All'], 'PERSON': ['Landsat\n   \n\n\n\n\n\n\n\n      MODIS']}, 'title_entities': [('8-Day', 'DATE'), ('L3 Global 500', 'PRODUCT'), ('Earth Engine Data Catalog', 'ORG'), ('Google for Developers', 'ORG')]}","{'spatial': {'valid': True, 'errors': [], 'enriched': {'spatial_scope': 'global', 'geocoded_location': {'name': 'Global', 'coordinates': (55.702215, 12.5592485)}}}, 'temporal': {'valid': False, 'errors': [], 'enriched': {}}, 'quality': {'valid': True, 'score': 90, 'errors': [], 'enriched': {'quality_score': 90}}}","{'tfidf_features': 15, 'text_length': 105}"
TEMPO gridded HCHO (QA filtered) vertical columns V03  |  Earth Engine Data Catalog  |  Google for Developers,QA Filtered: Google and NASA ASDC,"['Github', 'Nasa', 'Gis Stack Exchange', 'Pollution', 'Air-Quality\nFormaldehyde\nNasa\nPollution\nSatellite-Imagery\nTropomi', 'Videos', 'Twitter', 'Satellite-Imagery', 'Tropomi', 'Medium', 'Formaldehyde', 'Air-Quality']",,...,[],,,,,,,,https://developers.google.com/earth-engine/datasets/catalog/NASA_TEMPO_HCHO_L3_QA,{},"{'title': 1.0, 'description': 1.0, 'tags': 0.9, 'provider': 0.8}","{'spacy_entities': {'ORG': ['TEMPO', 'HCHO', 'QA', 'V03', 'Earth Engine Data Catalog', 'Google for Developers\n\n\n\n\n\n\n\n\n\n\n\n\n\n\n\n\n\n\n      \n      Skip', 'Deutsch\n\n\nEspañol\n\n\nEspañol – América Latina\n\n\nFrançais', 'Italiano\n\n\nPolski\n\n\nPortuguês', 'Türkçe'], 'NORP': ['English'], 'GPE': ['Indonesia', 'বাংলা'], 'WORK_OF_ART': ['Home\n  \n    \n\n\n    Categories\n  \n    \n\n\n    All'], 'PERSON': ['Landsat\n   \n\n\n\n\n\n\n\n      MODIS']}, 'title_entities': [('TEMPO', 'ORG'), ('HCHO', 'ORG'), ('QA', 'ORG'), ('V03', 'ORG'), ('Earth Engine Data Catalog', 'ORG'), ('Google for Developers', 'ORG')]}","{'spatial': {'valid': True, 'errors': [], 'enriched': {'geocoded_location': {'name': 'Google', 'coordinates': (42.35092, -71.0783603)}}}, 'temporal': {'valid': False, 'errors': [], 'enriched': {}}, 'quality': {'valid': True, 'score': 90, 'errors': [], 'enriched': {'quality_score': 90}}}","{'tfidf_features': 14, 'text_length': 109}"
GOES-17 MCMIPM Series ABI Level 2 Cloud and Moisture Imagery Mesoscale  |  Earth Engine Data Catalog  |  Google for Developers,NOAA,"['Github', 'Goes-S', 'Ospo', 'Weather', 'Gis Stack Exchange', 'Abi', 'Goes', 'Videos', 'Nesdis', 'Atmosphere', 'Noaa', 'Satellite-Imagery', 'Twitter', 'Goes-17', 'Abi\nAtmosphere\nGoes\nGoes-17\nGoes-S\nMcmip\nNesdis\nNoaa\nOspo\nSatellite-Imagery\nWeather', 'Medium', 'Mcmip']",,...,[],,,,,,,,https://developers.google.com/earth-engine/datasets/catalog/NOAA_GOES_17_MCMIPM,{},"{'title': 1.0, 'description': 1.0, 'tags': 0.9, 'provider': 0.8}","{'spacy_entities': {'ORG': ['Earth Engine Data Catalog', 'Google for Developers\n\n\n\n\n\n\n\n\n\n\n\n\n\n\n\n\n\n\n      \n      Skip', 'Deutsch\n\n\nEspañol\n\n\nEspañol – América Latina\n\n\nFrançais', 'Italiano\n\n\nPolski\n\n\nPortuguês', 'Türkçe'], 'NORP': ['English'], 'GPE': ['Indonesia', 'বাংলা'], 'WORK_OF_ART': ['Home\n  \n    \n\n\n    Categories\n  \n    \n\n\n    All']}, 'title_entities': [('Earth Engine Data Catalog', 'ORG'), ('Google for Developers', 'ORG')]}","{'spatial': {'valid': True, 'errors': [], 'enriched': {'geocoded_location': {'name': 'Series', 'coordinates': (44.7905386, 2.3003107)}}}, 'temporal': {'valid': False, 'errors': [], 'enriched': {}}, 'quality': {'valid': True, 'score': 90, 'errors': [], 'enriched': {'quality_score': 90}}}","{'tfidf_features': 16, 'text_length': 126}"
"WWF HydroSHEDS Flow Accumulation, 15 Arc-Seconds  |  Earth Engine Data Catalog  |  Google for Developers",WWF,"['Github', 'Accumulation\nDrainage\nFlow\nGeophysical\nHydrography\nHydrology\nHydrosheds\nSrtm\nSurface-Ground-Water\nWater\nWwf', 'Drainage', 'Hydrosheds', 'Surface-Ground-Water', 'Wwf', 'Gis Stack Exchange', 'Videos', 'Water', 'Twitter', 'Srtm', 'Flow', 'Hydrography', 'Hydrology', 'Medium', 'Geophysical', 'Accumulation']",,...,[],,,,,,,,https://developers.google.com/earth-engine/datasets/catalog/WWF_HydroSHEDS_15ACC,{},"{'title': 1.0, 'description': 1.0, 'tags': 0.9, 'provider': 0.8}","{'spacy_entities': {'CARDINAL': ['15'], 'ORG': ['Earth Engine Data Catalog', 'Google for Developers\n\n\n\n\n\n\n\n\n\n\n\n\n\n\n\n\n\n\n      \n      Skip', 'Deutsch\n\n\nEspañol\n\n\nEspañol – América Latina\n\n\nFrançais', 'Italiano\n\n\nPolski\n\n\nPortuguês', 'Türkçe'], 'NORP': ['English'], 'GPE': ['Indonesia', 'বাংলা'], 'WORK_OF_ART': ['Home\n  \n    \n\n\n    Categories\n  \n    \n\n\n    All']}, 'title_entities': [('15', 'CARDINAL'), ('Earth Engine Data Catalog', 'ORG'), ('Google for Developers', 'ORG')]}","{'spatial': {'valid': True, 'errors': [], 'enriched': {'geocoded_location': {'name': 'Google', 'coordinates': (42.35092, -71.0783603)}}}, 'temporal': {'valid': False, 'errors': [], 'enriched': {}}, 'quality': {'valid': True, 'score': 90, 'errors': [], 'enriched': {'quality_score': 90}}}","{'tfidf_features': 13, 'text_length': 104}"
VNP09H1: VIIRS Surface Reflectance 8-Day L3 Global 500m  |  Earth Engine Data Catalog  |  Google for Developers,NASA LP DAAC at the USGS EROS Center,"['Github', 'Sr', 'Nasa', 'Daily\nNasa\nNoaa\nNpp\nReflectance\nSatellite-Imagery\nSr\nViirs', 'Gis Stack Exchange', 'Reflectance', 'Videos', 'Viirs', 'Npp', 'Noaa', 'Satellite-Imagery', 'Daily', 'Twitter', 'Medium']",,...,[],,,,,,,,https://developers.google.com/earth-engine/datasets/catalog/NASA_VIIRS_002_VNP09H1,{},"{'title': 1.0, 'description': 1.0, 'tags': 0.9, 'provider': 0.8}","{'spacy_entities': {'DATE': ['8-Day'], 'PRODUCT': ['L3 Global 500'], 'ORG': ['Earth Engine Data Catalog', 'Google for Developers\n\n\n\n\n\n\n\n\n\n\n\n\n\n\n\n\n\n\n      \n      Skip', 'Deutsch\n\n\nEspañol\n\n\nEspañol – América Latina\n\n\nFrançais', 'Italiano\n\n\nPolski\n\n\nPortuguês', 'Türkçe'], 'NORP': ['English'], 'GPE': ['Indonesia', 'বাংলা'], 'WORK_OF_ART': ['Home\n  \n    \n\n\n    Categories\n  \n    \n\n\n    All'], 'PERSON': ['Landsat\n   \n\n\n\n\n\n\n\n      MODIS']}, 'title_entities': [('8-Day', 'DATE'), ('L3 Global 500', 'PRODUCT'), ('Earth Engine Data Catalog', 'ORG'), ('Google for Developers', 'ORG')]}","{'spatial': {'valid': True, 'errors': [], 'enriched': {'spatial_scope': 'global', 'geocoded_location': {'name': 'Global', 'coordinates': (55.702215, 12.5592485)}}}, 'temporal': {'valid': False, 'errors': [], 'enriched': {}}, 'quality': {'valid': True, 'score': 90, 'errors': [], 'enriched': {'quality_score': 90}}}","{'tfidf_features': 14, 'text_length': 111}"
Datasets tagged chlorophyll-a in Earth Engine  |  Earth Engine Data Catalog  |  Google for Developers,,"['Gcom', 'Github', 'Chla', 'Jaxa', 'Gcom-C', 'Chlorophyll-A', 'Gis Stack Exchange', 'Videos', 'Twitter', 'G-Portal', 'Medium']",,...,[],,,,,,,,https://developers.google.com/earth-engine/datasets/tags/chlorophyll-a,{},"{'title': 1.0, 'description': 1.0, 'tags': 0.9}","{'spacy_entities': {'LOC': ['Earth Engine'], 'ORG': ['Earth Engine Data Catalog', 'Deutsch\n\n\nEspañol\n\n\nEspañol – América Latina\n\n\nFrançais', 'Italiano\n\n\nPolski\n\n\nPortuguês', 'Türkçe'], 'NORP': ['English'], 'GPE': ['Indonesia', 'বাংলা'], 'WORK_OF_ART': ['Home\n  \n    \n\n\n    Categories\n  \n    \n\n\n    All'], 'PERSON': ['Landsat\n   \n\n\n\n\n\n\n\n      MODIS']}, 'title_entities': [('Earth Engine', 'LOC'), ('Earth Engine Data Catalog', 'ORG'), ('Google for Developers', 'ORG')]}","{'spatial': {'valid': True, 'errors': [], 'enriched': {'geocoded_location': {'name': 'Google', 'coordinates': (42.35092, -71.0783603)}}}, 'temporal': {'valid': False, 'errors': [], 'enriched': {}}, 'quality': {'valid': True, 'score': 80, 'errors': [], 'enriched': {'quality_score': 80}}}","{'tfidf_features': 9, 'text_length': 101}"
NOAA NHC HURDAT2 Pacific Hurricane Catalog  |  Earth Engine Data Catalog  |  Google for Developers,NOAA NHC,"['Nhc', 'Github', 'Hurricane', 'Weather', 'Gis Stack Exchange', 'Climate\nHurricane\nNhc\nNoaa\nTable\nWeather', 'Videos', 'Twitter', 'Noaa', 'Table', 'Medium', 'Climate']",,...,[],,,,,,,,https://developers.google.com/earth-engine/datasets/catalog/NOAA_NHC_HURDAT2_pacific,{},"{'title': 1.0, 'description': 1.0, 'tags': 0.9, 'provider': 0.8}","{'spacy_entities': {'ORG': ['NHC HURDAT2 Pacific Hurricane Catalog', 'Earth Engine Data Catalog', 'Google for Developers\n\n\n\n\n\n\n\n\n\n\n\n\n\n\n\n\n\n\n      \n      Skip', 'Deutsch\n\n\nEspañol\n\n\nEspañol – América Latina\n\n\nFrançais', 'Italiano\n\n\nPolski\n\n\nPortuguês', 'Türkçe'], 'NORP': ['English'], 'GPE': ['Indonesia', 'বাংলা'], 'WORK_OF_ART': ['Home\n  \n    \n\n\n    Categories\n  \n    \n\n\n    All'], 'PERSON': ['Landsat\n   \n\n\n\n\n\n\n\n      MODIS\n   \n\n\n\n\n\n   ']}, 'title_entities': [('NOAA NHC HURDAT2 Pacific Hurricane Catalog', 'ORG'), ('Earth Engine Data Catalog', 'ORG'), ('Google for Developers', 'ORG')]}","{'spatial': {'valid': True, 'errors': [], 'enriched': {'geocoded_location': {'name': 'Google', 'coordinates': (42.35092, -71.0783603)}}}, 'temporal': {'valid': False, 'errors': [], 'enriched': {}}, 'quality': {'valid': True, 'score': 90, 'errors': [], 'enriched': {'quality_score': 90}}}","{'tfidf_features': 11, 'text_length': 98}"
GLIMS 2023: Global Land Ice Measurements From Space  |  Earth Engine Data Catalog  |  Google for Developers,National Snow and Ice Data Center (NSDIC),"['Github', 'Nasa', 'Ice', 'Glacier', 'Medium', 'Gis Stack Exchange', 'Cryosphere', 'Videos', 'Twitter', 'Nsidc', 'Landcover', 'Table', 'Glims', 'Snow', 'Cryosphere\nGlacier\nGlims\nIce\nLandcover\nNasa\nNsidc\nSnow\nTable']",,...,[],,,,,,,,https://developers.google.com/earth-engine/datasets/catalog/GLIMS_20230607,{},"{'title': 1.0, 'description': 1.0, 'tags': 0.9, 'provider': 0.8}","{'spacy_entities': {'CARDINAL': ['2023'], 'ORG': ['Earth Engine Data Catalog', 'Google for Developers\n\n\n\n\n\n\n\n\n\n\n\n\n\n\n\n\n\n\n      \n      Skip', 'Deutsch\n\n\nEspañol\n\n\nEspañol – América Latina\n\n\nFrançais', 'Italiano\n\n\nPolski\n\n\nPortuguês', 'Türkçe'], 'NORP': ['English'], 'GPE': ['Indonesia', 'বাংলা'], 'WORK_OF_ART': ['Home\n  \n    \n\n\n    Categories\n  \n    \n\n\n    All'], 'PERSON': ['Landsat\n   \n\n\n\n\n\n\n\n      MODIS']}, 'title_entities': [('2023', 'CARDINAL'), ('Earth Engine Data Catalog', 'ORG'), ('Google for Developers', 'ORG')]}","{'spatial': {'valid': True, 'errors': [], 'enriched': {'spatial_scope': 'global', 'geocoded_location': {'name': 'Google', 'coordinates': (42.35092, -71.0783603)}}}, 'temporal': {'valid': True, 'errors': [], 'enriched': {'temporal_references': ['2023'], 'fuzzy_dates': ['2023-07-15']}}, 'quality': {'valid': True, 'score': 90, 'errors': [], 'enriched': {'quality_score': 90}}}","{'tfidf_features': 13, 'text_length': 107}"
MOD44B.061 Terra Vegetation Continuous Fields Yearly Global 250m  |  Earth Engine Data Catalog  |  Google for Developers,NASA LP DAAC at the USGS EROS Center,"['Annual', 'Global', 'Tree-Cover', 'Landuse-Landcover', 'Mod44B', 'Github', 'Modis', 'Nasa', 'Gis Stack Exchange', 'Videos', 'Annual\nGeophysical\nGlobal\nLanduse-Landcover\nModis\nNasa\nTerra\nTree-Cover\nVegetation\nMod44B', 'Terra', 'Twitter', 'Vegetation', 'Medium', 'Geophysical']",,...,[],,,,,,,,https://developers.google.com/earth-engine/datasets/catalog/MODIS_061_MOD44B,{},"{'title': 1.0, 'description': 1.0, 'tags': 0.9, 'provider': 0.8}","{'spacy_entities': {'PERSON': ['Continuous Fields'], 'CARDINAL': ['250'], 'ORG': ['Earth Engine Data Catalog', 'Google for Developers\n\n\n\n\n\n\n\n\n\n\n\n\n\n\n\n\n\n\n      \n      Skip', 'Deutsch\n\n\nEspañol\n\n\nEspañol – América Latina\n\n\nFrançais', 'Italiano\n\n\nPolski\n\n\nPortuguês', 'Türkçe'], 'NORP': ['English'], 'GPE': ['Indonesia', 'বাংলা'], 'WORK_OF_ART': ['Home\n  \n    \n\n\n    Categories\n  \n    \n\n\n    All']}, 'title_entities': [('Continuous Fields', 'PERSON'), ('250', 'CARDINAL'), ('Earth Engine Data Catalog', 'ORG'), ('Google for Developers', 'ORG')]}","{'spatial': {'valid': True, 'errors': [], 'enriched': {'spatial_scope': 'global', 'geocoded_location': {'name': 'Google', 'coordinates': (42.35092, -71.0783603)}}}, 'temporal': {'valid': True, 'errors': [], 'enriched': {'temporal_keyword': 'continuous'}}, 'quality': {'valid': True, 'score': 90, 'errors': [], 'enriched': {'quality_score': 90}}}","{'tfidf_features': 15, 'text_length': 120}"
GPWv411: Land Area (Gridded Population of the World Version 4.11)  |  Earth Engine Data Catalog  |  Google for Developers,NASA SEDAC at the Center for International Earth Science Information Network,"['Ciesin', 'Github', 'Gpw', 'Nasa', 'Gis Stack Exchange', 'Videos', 'Twitter', 'Population', 'Medium', 'Ciesin\nGpw\nNasa\nPopulation']",,...,[],,,,,,,,https://developers.google.com/earth-engine/datasets/catalog/CIESIN_GPWv411_GPW_Land_Area,{},"{'title': 1.0, 'description': 1.0, 'tags': 0.9, 'provider': 0.8}","{'spacy_entities': {'ORG': ['Land Area (Gridded Population of the World Version', 'Earth Engine Data Catalog', 'Google for Developers\n\n\n\n\n\n\n\n\n\n\n\n\n\n\n\n\n\n\n      \n      Skip', 'Deutsch\n\n\nEspañol\n\n\nEspañol – América Latina\n\n\nFrançais', 'Italiano\n\n\nPolski\n\n\nPortuguês', 'Türkçe'], 'CARDINAL': ['4.11'], 'NORP': ['English'], 'GPE': ['Indonesia', 'বাংলা'], 'WORK_OF_ART': ['Home\n  \n    \n\n\n    Categories\n  \n    \n\n\n    All']}, 'title_entities': [('Land Area (Gridded Population of the World Version', 'ORG'), ('4.11', 'CARDINAL'), ('Earth Engine Data Catalog', 'ORG'), ('Google for Developers', 'ORG')]}","{'spatial': {'valid': True, 'errors': [], 'enriched': {'geocoded_location': {'name': 'Land Area', 'coordinates': (8.4418035, 77.0980129)}}}, 'temporal': {'valid': False, 'errors': [], 'enriched': {}}, 'quality': {'valid': True, 'score': 90, 'errors': [], 'enriched': {'quality_score': 90}}}","{'tfidf_features': 14, 'text_length': 121}"
LANDFIRE ESP AK (Environmental Site Potential) v1.2.0  |  Earth Engine Data Catalog  |  Google for Developers,"U.S. Department of Agriculture's (USDA), U.S. Forest Service (USFS), U.S.","['Github', 'Forest-Biomass', 'Doi', 'Fire', 'Gis Stack Exchange', 'Videos', 'Usda', 'Nature-Conservancy', 'Twitter', 'Doi\nFire\nForest-Biomass\nLandfire\nNature-Conservancy\nUsda\nUsgs\nVegetation\nWildfire', 'Landfire', 'Usgs', 'Vegetation', 'Wildfire', 'Medium']",,...,[],,,,,,,,https://developers.google.com/earth-engine/datasets/catalog/LANDFIRE_Vegetation_ESP_v1_2_0_AK,{},"{'title': 1.0, 'description': 1.0, 'tags': 0.9, 'provider': 0.8}","{'spacy_entities': {'PERSON': ['LANDFIRE', 'Landsat\n   \n\n\n\n\n\n\n\n      MODIS\n   \n\n\n\n\n\n      '], 'ORG': ['Earth Engine Data Catalog', 'Google for Developers\n\n\n\n\n\n\n\n\n\n\n\n\n\n\n\n\n\n\n      \n      Skip', 'Deutsch\n\n\nEspañol\n\n\nFrançais'], 'NORP': ['English'], 'GPE': ['Indonesia'], 'WORK_OF_ART': ['Home\n  \n    \n\n\n    Categories\n  \n    \n\n\n    All']}, 'title_entities': [('LANDFIRE ESP AK (Environmental Site Potential', 'ORG'), ('Earth Engine Data Catalog', 'ORG'), ('Google for Developers', 'ORG')]}","{'spatial': {'valid': True, 'errors': [], 'enriched': {'geocoded_location': {'name': 'Google', 'coordinates': (42.35092, -71.0783603)}}}, 'temporal': {'valid': False, 'errors': [], 'enriched': {}}, 'quality': {'valid': True, 'score': 90, 'errors': [], 'enriched': {'quality_score': 90}}}","{'tfidf_features': 13, 'text_length': 109}"
AHN3: Netherlands AHN 0.5m  |  Earth Engine Data Catalog  |  Google for Developers,AHN,"['Github', 'Ahn\nDem\nElevation\nElevation-Topography\nGeophysical\nLidar\nNetherlands', 'Dem', 'Ahn', 'Medium', 'Gis Stack Exchange', 'Videos', 'Twitter', 'Elevation', 'Elevation-Topography', 'Lidar', 'Netherlands', 'Geophysical']",,...,[],,,,,,,,https://developers.google.com/earth-engine/datasets/catalog/AHN_AHN3,{},"{'title': 1.0, 'description': 1.0, 'tags': 0.9, 'provider': 0.8}","{'spacy_entities': {'PERSON': ['AHN3', 'Landsat\n   \n\n\n\n\n\n\n\n      MODIS\n   \n\n\n\n\n\n      '], 'ORG': ['Netherlands AHN 0.5', 'Earth Engine Data Catalog', 'Google for Developers\n\n\n\n\n\n\n\n\n\n\n\n\n\n\n\n\n\n\n      \n      Skip', 'Deutsch\n\n\nEspañol\n\n\nEspañol – América Latina\n\n\nFrançais', 'Italiano\n\n\nPolski\n\n\nPortuguês', 'Türkçe'], 'NORP': ['English'], 'GPE': ['Indonesia', 'বাংলা'], 'WORK_OF_ART': ['Home\n  \n    \n\n\n    Categories\n  \n    \n\n\n    All']}, 'title_entities': [('AHN3', 'PERSON'), ('Netherlands AHN 0.5', 'ORG'), ('Earth Engine Data Catalog', 'ORG'), ('Google for Developers', 'ORG')]}","{'spatial': {'valid': True, 'errors': [], 'enriched': {'geocoded_location': {'name': 'Netherlands', 'coordinates': (52.2434979, 5.6343227)}}}, 'temporal': {'valid': False, 'errors': [], 'enriched': {}}, 'quality': {'valid': True, 'score': 90, 'errors': [], 'enriched': {'quality_score': 90}}}","{'tfidf_features': 10, 'text_length': 82}"
GEDI L2A Vector Canopy Top Height (Version 2)  |  Earth Engine Data Catalog  |  Google for Developers,USFS Laboratory for Applications of Remote Sensing in Ecology (LARSE),"['Github', 'Tree-Cover', 'Forest-Biomass', 'Nasa', 'Gedi', 'Gis Stack Exchange', 'Videos', 'Twitter', 'Elevation', 'Larse', 'Elevation\nForest-Biomass\nGedi\nLarse\nNasa\nTree-Cover\nUsgs', 'Usgs', 'Medium']",,...,[],,,,,,,,https://developers.google.com/earth-engine/datasets/catalog/LARSE_GEDI_GEDI02_A_002,{},"{'title': 1.0, 'description': 1.0, 'tags': 0.9, 'provider': 0.8}","{'spacy_entities': {'ORG': ['GEDI L2A Vector Canopy', 'Earth Engine Data Catalog', 'Google for Developers\n\n\n\n\n\n\n\n\n\n\n\n\n\n\n\n\n\n\n      \n      Skip', 'Deutsch\n\n\nEspañol\n\n\nEspañol – América Latina\n\n\nFrançais', 'Italiano\n\n\nPolski\n\n\nPortuguês', 'Türkçe'], 'PERSON': ['Top Height', 'Landsat\n   \n\n\n\n\n\n\n\n      MODIS'], 'CARDINAL': ['2'], 'NORP': ['English'], 'GPE': ['Indonesia', 'বাংলা'], 'WORK_OF_ART': ['Home\n  \n    \n\n\n    Categories\n  \n    \n\n\n    All']}, 'title_entities': [('GEDI L2A Vector Canopy', 'ORG'), ('Top Height', 'PERSON'), ('2', 'CARDINAL'), ('Earth Engine Data Catalog', 'ORG'), ('Google for Developers', 'ORG')]}","{'spatial': {'valid': True, 'errors': [], 'enriched': {'geocoded_location': {'name': 'Version', 'coordinates': (50.0767586, 14.4333886)}}}, 'temporal': {'valid': False, 'errors': [], 'enriched': {}}, 'quality': {'valid': True, 'score': 90, 'errors': [], 'enriched': {'quality_score': 90}}}","{'tfidf_features': 12, 'text_length': 101}"
Datasets tagged population in Earth Engine  |  Earth Engine Data Catalog  |  Google for Developers,"used to produce the GPW v4.11 populations estimates. Pixels that have the same value reflect the same data source, most often a country or territory. General Documentation The Gridded Population of World Version 4 (GPWv4), Revision 11 models …","['Ghsl', 'Global', 'Built-Environment', 'Open-Buildings', 'Copernicus', 'Alos', 'Fragmentation', 'Worldpop', 'Twitter', 'Built', 'Dmsp', 'Landsat-Derived', 'Builtup', 'Gpw', 'Built-Up', 'Dnb', 'Videos', 'Fao', 'Plant-Productivity', 'Building', 'Demography', 'Population', 'Csp', 'Brdf', 'Landcover', 'Jrc', 'Height', 'Eog', 'Tsinghua', 'Oxford', 'Surface-Ground-Water', 'Dem', 'Nasa', 'Monthly', 'Sdg', 'Gis Stack Exchange', 'Community-Dataset', 'Accessibility', 'Lights', 'Ols', 'Sat-Io', 'Daily', 'Nighttime', 'Twente', 'Landscan', 'Ciesin', 'Annual', 'Github', 'Settlement', 'Urban', 'Africa', 'Viirs', 'Agriculture', 'Landscape-Gradient', 'Human-Modification', 'Forest', 'Asia', 'Noaa', 'Imagery', 'Sentinel1-Derived', 'Medium', 'Map']",,...,[],,,,,,,,https://developers.google.com/earth-engine/datasets/tags/population,{},"{'title': 1.0, 'description': 1.0, 'tags': 0.9, 'provider': 0.8}","{'spacy_entities': {'LOC': ['Earth Engine'], 'ORG': ['Earth Engine Data Catalog', 'Deutsch\n\n\nEspañol\n\n\nEspañol – América Latina\n\n\nFrançais', 'Italiano\n\n\nPolski\n\n\nPortuguês', 'Türkçe'], 'NORP': ['English'], 'GPE': ['Indonesia', 'বাংলা'], 'WORK_OF_ART': ['Home\n  \n    \n\n\n    Categories\n  \n    \n\n\n    All'], 'PERSON': ['Landsat\n   \n\n\n\n\n\n\n\n      MODIS\n   \n\n\n\n\n\n   ']}, 'title_entities': [('Earth Engine', 'LOC'), ('Earth Engine Data Catalog', 'ORG'), ('Google for Developers', 'ORG')]}","{'spatial': {'valid': True, 'errors': [], 'enriched': {'geocoded_location': {'name': 'Google', 'coordinates': (42.35092, -71.0783603)}}}, 'temporal': {'valid': False, 'errors': [], 'enriched': {}}, 'quality': {'valid': True, 'score': 90, 'errors': [], 'enriched': {'quality_score': 90}}}","{'tfidf_features': 9, 'text_length': 98}"
Datasets tagged classification in Earth Engine  |  Earth Engine Data Catalog  |  Google for Developers,,"['Carbon', 'Github', 'Landuse-Landcover', 'Forest-Biomass', 'Biomass', 'Alos', 'Eroc', 'Aboveground', 'Gis Stack Exchange', 'Videos', 'Twitter', 'Classification', 'Forest', 'Alos2', 'Deforestation', 'Landcover', 'Medium']",,...,[],,,,,,,,https://developers.google.com/earth-engine/datasets/tags/classification,{},"{'title': 1.0, 'description': 1.0, 'tags': 0.9}","{'spacy_entities': {'LOC': ['Earth Engine'], 'ORG': ['Earth Engine Data Catalog', 'Deutsch\n\n\nEspañol\n\n\nEspañol – América Latina\n\n\nFrançais', 'Italiano\n\n\nPolski\n\n\nPortuguês', 'Türkçe', 'Landsat\n   \n\n\n\n\n\n\n\n      MODIS'], 'NORP': ['English'], 'GPE': ['Indonesia', 'বাংলা'], 'WORK_OF_ART': ['Home\n  \n    \n\n\n    Categories\n  \n    \n\n\n    All']}, 'title_entities': [('Earth Engine', 'LOC'), ('Earth Engine Data Catalog', 'ORG'), ('Google for Developers', 'ORG')]}","{'spatial': {'valid': True, 'errors': [], 'enriched': {'geocoded_location': {'name': 'Google', 'coordinates': (42.35092, -71.0783603)}}}, 'temporal': {'valid': False, 'errors': [], 'enriched': {}}, 'quality': {'valid': True, 'score': 80, 'errors': [], 'enriched': {'quality_score': 80}}}","{'tfidf_features': 9, 'text_length': 102}"
USGS Landsat 7 Collection 2 Tier 1 Raw Scenes  |  Earth Engine Data Catalog  |  Google for Developers,USGS,"['Github', 'Global', 'Le7', 'C2', 'Gis Stack Exchange', 'Radiance', 'Videos', 'T1', 'Twitter', 'Satellite-Imagery', 'Usgs', 'Etm', 'Landsat', 'C2\nEtm\nGlobal\nL7\nLandsat\nLe7\nRadiance\nSatellite-Imagery\nT1\nTier1\nUsgs', 'Medium', 'L7', 'Tier1']",,...,[],,,,,,,,https://developers.google.com/earth-engine/datasets/catalog/LANDSAT_LE07_C02_T1,{},"{'title': 1.0, 'description': 1.0, 'tags': 0.9, 'provider': 0.8}","{'spacy_entities': {'PERSON': ['USGS Landsat', 'Landsat\n   \n\n\n\n\n\n\n\n      MODIS'], 'ORG': ['Earth Engine Data Catalog', 'Google for Developers\n\n\n\n\n\n\n\n\n\n\n\n\n\n\n\n\n\n\n      \n      Skip', 'Deutsch\n\n\nEspañol\n\n\nEspañol – América Latina\n\n\nFrançais', 'Italiano\n\n\nPolski\n\n\nPortuguês', 'Türkçe'], 'NORP': ['English'], 'GPE': ['Indonesia', 'বাংলা'], 'WORK_OF_ART': ['Home\n  \n    \n\n\n    Categories\n  \n    \n\n\n    All']}, 'title_entities': [('USGS Landsat 7', 'ORG'), ('Earth Engine Data Catalog', 'ORG'), ('Google for Developers', 'ORG')]}","{'spatial': {'valid': True, 'errors': [], 'enriched': {'geocoded_location': {'name': 'Landsat', 'coordinates': (46.6724772, 13.9676416)}}}, 'temporal': {'valid': False, 'errors': [], 'enriched': {}}, 'quality': {'valid': True, 'score': 90, 'errors': [], 'enriched': {'quality_score': 90}}}","{'tfidf_features': 12, 'text_length': 101}"
"geoBoundaries: Political administrative boundaries at Municipality level (ADM2), v6.0.0  |  Earth Engine Data Catalog  |  Google for Developers",William and Mary geoLab,"['Github', 'Borders\nCountries\nInfrastructure-Boundaries\nTable', 'Infrastructure-Boundaries', 'Gis Stack Exchange', 'Videos', 'Twitter', 'Borders', 'Table', 'Medium', 'Countries']",,...,[],,,,,,,,https://developers.google.com/earth-engine/datasets/catalog/WM_geoLab_geoBoundaries_600_ADM2,{},"{'title': 1.0, 'description': 1.0, 'tags': 0.9, 'provider': 0.8}","{'spacy_entities': {'ORG': ['v6.0.0', 'Earth Engine Data Catalog', 'Google for Developers\n\n\n\n\n\n\n\n\n\n\n\n\n\n\n\n\n\n\n      \n      Skip', 'Deutsch\n\n\nEspañol\n\n\nEspañol – América Latina\n\n\nFrançais', 'Italiano\n\n\nPolski\n\n\nPortuguês', 'Türkçe'], 'NORP': ['English'], 'GPE': ['Indonesia', 'বাংলা'], 'WORK_OF_ART': ['Home\n  \n    \n\n\n    Categories\n  \n    \n\n\n    All']}, 'title_entities': [('v6.0.0', 'ORG'), ('Earth Engine Data Catalog', 'ORG'), ('Google for Developers', 'ORG')]}","{'spatial': {'valid': True, 'errors': [], 'enriched': {'geocoded_location': {'name': 'Political', 'coordinates': (51.5146049, -0.1164525)}}}, 'temporal': {'valid': False, 'errors': [], 'enriched': {}}, 'quality': {'valid': True, 'score': 90, 'errors': [], 'enriched': {'quality_score': 90}}}","{'tfidf_features': 14, 'text_length': 143}"
Datasets tagged gaul in Earth Engine  |  Earth Engine Data Catalog  |  Google for Developers,,"['Github', 'Provinces', 'Departments', 'Districts', 'Infrastructure-Boundaries', 'Gaul', 'Gis Stack Exchange', 'Videos', 'Fao', 'Twitter', 'Borders', 'Table', 'Medium', 'County', 'Countries']",,...,[],,,,,,,,https://developers.google.com/earth-engine/datasets/tags/gaul,{},"{'title': 1.0, 'description': 1.0, 'tags': 0.9}","{'spacy_entities': {'LOC': ['Earth Engine'], 'ORG': ['Earth Engine Data Catalog', 'Deutsch\n\n\nEspañol\n\n\nEspañol – América Latina\n\n\nFrançais', 'Italiano\n\n\nPolski\n\n\nPortuguês', 'Türkçe'], 'NORP': ['English'], 'GPE': ['Indonesia', 'বাংলা'], 'WORK_OF_ART': ['Home\n  \n    \n\n\n    Categories\n  \n    \n\n\n    All'], 'PERSON': ['Landsat\n   \n\n\n\n\n\n\n\n      MODIS\n   \n\n\n\n\n\n      Senti']}, 'title_entities': [('Earth Engine', 'LOC'), ('Earth Engine Data Catalog', 'ORG'), ('Google for Developers', 'ORG')]}","{'spatial': {'valid': True, 'errors': [], 'enriched': {'geocoded_location': {'name': 'Google', 'coordinates': (42.35092, -71.0783603)}}}, 'temporal': {'valid': False, 'errors': [], 'enriched': {}}, 'quality': {'valid': True, 'score': 80, 'errors': [], 'enriched': {'quality_score': 80}}}","{'tfidf_features': 9, 'text_length': 92}"
Datasets tagged carbon-monoxide in Earth Engine  |  Earth Engine Data Catalog  |  Google for Developers,,"['Github', 'Copernicus', 'Gis Stack Exchange', 'Eu', 'Videos', 'Twitter', 'Atmosphere', 'Esa', 'Carbon-Monoxide', 'Medium', 'Air-Quality']",,...,[],,,,,,,,https://developers.google.com/earth-engine/datasets/tags/carbon-monoxide,{},"{'title': 1.0, 'description': 1.0, 'tags': 0.9}","{'spacy_entities': {'LOC': ['Earth Engine'], 'ORG': ['Earth Engine Data Catalog', 'Deutsch\n\n\nEspañol\n\n\nEspañol – América Latina\n\n\nFrançais', 'Italiano\n\n\nPolski\n\n\nPortuguês', 'Türkçe'], 'NORP': ['English'], 'GPE': ['Indonesia', 'বাংলা'], 'WORK_OF_ART': ['Home\n  \n    \n\n\n    Categories\n  \n    \n\n\n    All'], 'PERSON': ['Landsat\n   \n\n\n\n\n\n\n\n      MODIS']}, 'title_entities': [('Earth Engine', 'LOC'), ('Earth Engine Data Catalog', 'ORG'), ('Google for Developers', 'ORG')]}","{'spatial': {'valid': True, 'errors': [], 'enriched': {'geocoded_location': {'name': 'Google', 'coordinates': (42.35092, -71.0783603)}}}, 'temporal': {'valid': False, 'errors': [], 'enriched': {}}, 'quality': {'valid': True, 'score': 80, 'errors': [], 'enriched': {'quality_score': 80}}}","{'tfidf_features': 10, 'text_length': 103}"
Datasets tagged merra in Earth Engine  |  Earth Engine Data Catalog  |  Google for Developers,,"['Shortwave', 'Dust', 'Pressure', 'Mass', 'Twitter', 'Emissivity', 'Albedo', 'Sea-Salt', 'Ice', 'Videos', 'Evaporation', 'Climate', 'Carbon', 'Nasa', 'Gis Stack Exchange', 'Cryosphere', 'Atmosphere', 'So2', 'Humidity', 'Github', 'Merra', 'So4', 'Aerosol', 'Precipitation', 'Medium']",,...,[],,,,,,,,https://developers.google.com/earth-engine/datasets/tags/merra,{},"{'title': 1.0, 'description': 1.0, 'tags': 0.9}","{'spacy_entities': {'LOC': ['Earth Engine'], 'ORG': ['Earth Engine Data Catalog', 'Deutsch\n\n\nEspañol\n\n\nEspañol – América Latina\n\n\nFrançais', 'Italiano\n\n\nPolski\n\n\nPortuguês', 'Türkçe'], 'NORP': ['English'], 'GPE': ['Indonesia', 'বাংলা'], 'WORK_OF_ART': ['Home\n  \n    \n\n\n    Categories\n  \n    \n\n\n    All'], 'PERSON': ['Landsat\n   \n\n\n\n\n\n\n\n      MODIS\n   \n\n\n\n\n\n      Se']}, 'title_entities': [('Earth Engine', 'LOC'), ('Earth Engine Data Catalog', 'ORG'), ('Google for Developers', 'ORG')]}","{'spatial': {'valid': True, 'errors': [], 'enriched': {'geocoded_location': {'name': 'Google', 'coordinates': (42.35092, -71.0783603)}}}, 'temporal': {'valid': False, 'errors': [], 'enriched': {}}, 'quality': {'valid': True, 'score': 80, 'errors': [], 'enriched': {'quality_score': 80}}}","{'tfidf_features': 9, 'text_length': 93}"
